DATE,TIME OF YEAR,HABITAT,SITE,SAMPLE,SUBFAMILY,GENUS,SPECIES,SEX,AGE,IDed,# INDV,MORPH CODE,SPP NOTES
6/23/2021,EARLY,F,4,B,OED,NA,NA,U,N,N,1,BBLMBN,"BROWN, BLACK LEGGED, MARMORATED BANDEDWINGED NYMPH"
6/23/2021,EARLY,F,4,A,CYR,MELANOPLUS,KEELERI,U,N,Y,1,BLGBLM,
6/23/2021,EARLY,F,4,C,CYR,MELANOPLUS,KEELERI,U,N,Y,1,BLGBLM,
6/23/2021,EARLY,F,4,A,TET,ODONTOXIPHIDIUM,APTERUM,U,N,Y,2,BWDSPC,
6/23/2021,EARLY,F,4,B,TET,ODONTOXIPHIDIUM,APTERUM,U,N,Y,1,BWDSPC,
6/23/2021,EARLY,S,4,C,TET,ODONTOXIPHIDIUM,APTERUM,U,U,Y,5,BWDSPC,
6/23/2021,EARLY,F,4,A,GOM,NA,NA,U,N,N,2,DBTDSN,
6/23/2021,EARLY,F,4,B,GOM,NA,NA,U,N,N,1,DBTDSN,
6/23/2021,EARLY,F,4,C,GOM,NA,NA,U,N,N,2,DBTDSN,
6/23/2021,EARLY,F,4,B,OED,NA,NA,U,N,N,1,GYDSBN,"GREEN , YELLOW DORSAL STRIPED BANDEDWINGED NYMPH"
6/23/2021,EARLY,F,4,B,TET,ODONTOXIPHIDIUM,APTERUM,U,N,Y,1,RDSTTN,RED DORSAL STRIPE TAN TET NYMPH
6/23/2021,EARLY,F,4,C,TET,ODONTOXIPHIDIUM,APTERUM,U,N,Y,1,RDSTTN,
6/23/2021,EARLY,F,4,C,GOM,AMBLYTROPIDIA,MYSTECA,U,N,Y,1,RFSPSN,
6/23/2021,EARLY,S,4,C,GOM,AMBLYTROPIDIA,MYSTECA,U,N,Y,1,RFSPSN,
6/23/2021,EARLY,F,4,C,OED,NA,NA,U,N,N,2,SCBWIF,"SAND-COLORED, BLACK/WHITE INNER FEMUR BANDEDWINGED"
6/23/2021,EARLY,S,4,C,CYR,SCHISTOCERCA,NA,U,N,N,1,SCHGAA,SCHISTOCERCA GREEN ALL AROUND
6/23/2021,EARLY,S,4,C,CYR,APTENOPEDES,SPHENARIOIDES,U,N,Y,1,SCHRDS,SCHISTOCERCA RED DORSAL STRIPE
6/23/2021,EARLY,S,4,C,GRY,NA,NA,U,U,N,1,TNGRYN,
6/23/2021,EARLY,F,4,A,CYR,APTENOPEDES,SPHENARIOIDES,U,N,Y,4,TWASEG,
6/23/2021,EARLY,F,4,B,CYR,APTENOPEDES,SPHENARIOIDES,U,N,Y,5,TWASEG,
6/23/2021,EARLY,F,4,C,CYR,APTENOPEDES,SPHENARIOIDES,U,N,Y,1,TWASEG,
6/23/2021,EARLY,F,4,A,GOM,ACHURUM,CARINATUM,U,N,Y,1,,
6/23/2021,EARLY,F,4,A,CYR,APTENOPEDES,SPHENARIOIDES,F,A,Y,1,,
6/23/2021,EARLY,F,4,A,OED,CHORTOPHAGA,AUSTRALIOR,F,A,Y,1,,
6/23/2021,EARLY,F,4,A,CYR,MELANOPLUS,ROTUNDIPENNIS,F,A,Y,1,,
6/23/2021,EARLY,F,4,A,CYR,MELANOPLUS,ROTUNDIPENNIS,M,A,Y,1,,
6/23/2021,EARLY,F,4,A,OED,NA,NA,U,U,N,2,,2 BWG
6/23/2021,EARLY,F,4,A,CYR,NA,NA,U,N,N,1,,
6/23/2021,EARLY,F,4,A,GRY,NA,NA,U,N,N,1,,
6/23/2021,EARLY,F,4,A,GOM,ORPHULELLA,PELIDNA,M,A,Y,2,,
6/23/2021,EARLY,F,4,A,OED,PARDALOPHORA,PHOENICOPTERA,M,A,Y,1,,
6/23/2021,EARLY,F,4,A,OED,PSINIDIA,FENESTRALIS,F,A,Y,1,,ORANGE AND BLACK WING; PALE YELLOW TIBIA W/ BLACK BAND
6/23/2021,EARLY,S,4,A,GOM,AMBLYTROPIDIA,MYSTECA,F,A,Y,1,,LONG WINGS; BROWN W/ THICK DORSAL STRIPE
6/23/2021,EARLY,S,4,A,CYR,APTENOPEDES,SPHENARIOIDES,F,A,Y,1,,
6/23/2021,EARLY,S,4,A,CYR,NA,NA,U,N,N,2,,ONE HAS A RED DORSAL STRIPE
6/23/2021,EARLY,F,4,B,CYR,APTENOPEDES,SPHENARIOIDES,F,A,Y,1,,
6/23/2021,EARLY,F,4,B,GOM,ORPHULELLA,PELIDNA,M,A,Y,2,,
6/23/2021,EARLY,F,4,B,GOM,ORPHULELLA,PELIDNA,F,A,Y,1,,
6/23/2021,EARLY,S,4,B,CYR,MELANOPLUS,NA,M,N,N,1,,MANGLED
6/23/2021,EARLY,F,4,C,GOM,ACHURUM,CARINATUM,F,A,Y,1,,
6/23/2021,EARLY,F,4,C,CYR,APTENOPEDES,SPHENARIOIDES,M,A,Y,1,,
6/23/2021,EARLY,F,4,C,CYR,APTENOPEDES,SPHENARIOIDES,F,A,Y,1,,
6/23/2021,EARLY,F,4,C,TET,NA,NA,U,N,N,1,,
6/23/2021,EARLY,F,4,C,TET,NA,NA,U,N,N,7,,
6/23/2021,EARLY,S,4,C,GOM,AMBLYTROPIDIA,MYSTECA,M,A,Y,1,,
6/23/2021,EARLY,S,4,C,CYR,APTENOPEDES,SPHENARIOIDES,F,A,Y,1,,
6/23/2021,EARLY,S,4,C,CYR,MELANOPLUS,ROTUNDIPENNIS,M,A,Y,1,,
6/23/2021,EARLY,S,8,A,GOM,NA,NA,U,N,N,2,DBTDSN,
6/23/2021,EARLY,S,8,C,GOM,NA,NA,U,N,N,1,DBTDSN,
6/23/2021,EARLY,F,8,C,OED,NA,NA,U,N,N,1,LGRDON,LIGHT GREEN RED DOSAL STRIPE OEDOPIDINAE NYMPH
6/23/2021,EARLY,F,8,A,GOM,AMBLYTROPIDIA,MYSTECA,U,N,Y,1,RFSPSN,
6/23/2021,EARLY,S,8,C,GOM,AMBLYTROPIDIA,MYSTECA,U,N,Y,1,RFSPSN,
6/23/2021,EARLY,S,8,B,CYR,APTENOPEDES,SPHENARIOIDES,U,N,Y,1,TWASEG,JUST A HEAD
6/23/2021,EARLY,F,8,A,GRY,NA,NA,U,A,N,1,,MAYBE GRYLLODES SIGILLATUS
6/23/2021,EARLY,S,8,A,GOM,ACHURUM,CARINATUM,M,A,Y,1,,
6/23/2021,EARLY,S,8,A,CYR,MELANOPLUS,ROTUNDIPENNIS,F,A,Y,1,,
6/23/2021,EARLY,S,8,A,GOM,SYRBULA,ADMIRABILIS,F,N,Y,1,,
6/23/2021,EARLY,F,8,B,GOM,ACHURUM,CARINATUM,M,A,Y,1,,
6/23/2021,EARLY,F,8,B,OED,PARDALOPHORA,PHOENICOPTERA,M,A,Y,1,,
6/23/2021,EARLY,S,8,B,TET,NA,NA,U,U,N,1,,MANGLED
6/23/2021,EARLY,S,8,B,GRY,NA,NA,U,U,N,1,,MANGLED
6/23/2021,EARLY,F,8,C,CYR,MELANOPLUS,ROTUNDIPENNIS,F,A,Y,2,,
6/23/2021,EARLY,F,8,C,OED,NA,NA,U,U,N,1,,1 BWG
6/23/2021,EARLY,F,8,C,OED,SPHARAGEMON,MARMORATA,F,A,Y,1,,
6/23/2021,EARLY,S,8,C,GOM,ACHURUM,CARINATUM,U,U,Y,1,,MANGLED
6/23/2021,EARLY,S,8,C,GOM,ACHURUM,CARINATUM,M,A,Y,1,,
6/23/2021,EARLY,S,8,C,CYR,NA,NA,U,N,N,1,,TOOTHPICK GRASSHOPPER W/ SPUR; CAN'T TELL
6/23/2021,EARLY,S,8,C,GOM,ORPHULELLA,PELIDNA,U,N,Y,1,,
6/23/2021,EARLY,F,9,A,TET,NA,NA,F,U,N,1,BDSPC,
6/23/2021,EARLY,F,9,B,TET,NA,NA,F,A,N,1,BDSPC,BROWN DORSAL STRIPE POSSIBLY CONOCEPHALINAE
6/23/2021,EARLY,S,9,A,GOM,AMBLYTROPIDIA,MYSTECA,U,N,Y,5,RFSPSN,
6/23/2021,EARLY,F,9,C,GOM,AMBLYTROPIDIA,MYSTECA,U,N,Y,11,RFSPSN,
6/23/2021,EARLY,F,9,B,GOM,NA,NA,U,N,N,2,TBABTN,TINY BROWN AND BLUE TIBIA NYMPH
6/23/2021,EARLY,S,9,A,CYR,APTENOPEDES,SPHENARIOIDES,U,N,Y,1,TWASEG,
6/23/2021,EARLY,F,9,C,CYR,APTENOPEDES,SPHENARIOIDES,U,N,Y,4,TWASEG,
6/23/2021,EARLY,S,9,A,GOM,SYRBULA,ADMIRABILIS,U,N,Y,2,USALAN,UNKNOWN SRYBULA ADMIRABILIS LOOK-ALIKE NYMPH
6/23/2021,EARLY,F,9,A,CYR,MELANOPLUS,ROTUNDIPENNIS,F,A,Y,1,,
6/23/2021,EARLY,S,9,A,GOM,ACHURUM,CARINATUM,F,A,Y,1,,
6/23/2021,EARLY,S,9,A,NA,NA,NA,U,N,N,1,,"GREEN, NO SPUR, BLOCKY FACE"
6/23/2021,EARLY,S,9,A,OED,NA,NA,U,N,N,1,,MAYBE CHORTOPHAGA DUE TO BLUE TIBIA
6/23/2021,EARLY,F,9,B,GOM,ACHURUM,CARINATUM,F,A,Y,1,,
6/23/2021,EARLY,F,9,B,TET,NA,NA,U,U,N,1,,
6/23/2021,EARLY,F,9,B,OED,PARDALOPHORA,PHOENICOPTERA,M,A,Y,1,,
6/23/2021,EARLY,F,9,B,OED,PARDALOPHORA,PHOENICOPTERA,F,A,Y,1,,
6/23/2021,EARLY,S,9,B,CYR,MELANOPLUS,ROTUNDIPENNIS,M,A,Y,2,,
6/23/2021,EARLY,S,9,B,CYR,MELANOPLUS,ROTUNDIPENNIS,F,A,Y,1,,
6/23/2021,EARLY,S,9,B,OED,NA,NA,U,U,N,1,,1 BWG
6/23/2021,EARLY,S,9,B,GOM,NA,NA,M,N,N,1,,NOT SURE; MAYBE S. ADMIRABILIS
6/23/2021,EARLY,F,9,C,GOM,ACHURUM,CARINATUM,M,A,Y,1,,
6/23/2021,EARLY,S,9,C,NA,NA,NA,U,N,N,1,,UNKNOWN MANGLED NYMPH
6/23/2021,EARLY,S,10,B,TET,NA,NA,U,U,N,1,BDSPC,
6/23/2021,EARLY,F,10,C,CYR,MELANOPLUS,KEELERI,U,N,Y,1,BLGBLM,
6/23/2021,EARLY,S,10,A,TET,ODONTOXIPHIDIUM,APTERUM,U,N,Y,1,BWDSPC,
6/23/2021,EARLY,F,10,C,TET,ODONTOXIPHIDIUM,APTERUM,F,U,Y,2,BWDSPC,
6/23/2021,EARLY,F,10,C,TET,ODONTOXIPHIDIUM,APTERUM,U,N,Y,1,BWDSPC,
6/23/2021,EARLY,S,10,C,TET,ODONTOXIPHIDIUM,APTERUM,F,U,Y,2,BWDSPC,
6/23/2021,EARLY,F,10,C,GOM,AMBLYTROPIDIA,MYSTECA,U,N,Y,1,RFSPSN,
6/23/2021,EARLY,F,10,C,CYR,MELANOPLUS,ROTUNDIPENNIS,M,U,Y,2,STEBTM,
6/23/2021,EARLY,S,10,C,OED,NA,NA,U,N,N,1,TBWSON,TAN BLACK WING SPOTS OED NYMPH
6/23/2021,EARLY,F,10,A,GOM,SYRBULA,ADMIRABILIS,M,U,Y,1,TDSGBG,MANGLED; MAYBE SYRBULA ADMIRABILIS
6/23/2021,EARLY,F,10,A,CYR,APTENOPEDES,SPHENARIOIDES,U,N,Y,2,TWASEG,
6/23/2021,EARLY,F,10,C,CYR,APTENOPEDES,SPHENARIOIDES,U,N,Y,4,TWASEG,
6/23/2021,EARLY,F,10,A,GOM,ACHURUM,CARINATUM,F,A,Y,1,,
6/23/2021,EARLY,F,10,A,GOM,ORPHULELLA,PELIDNA,F,A,Y,1,,
6/23/2021,EARLY,S,10,A,OED,PARDALOPHORA,PHOENICOPTERA,F,A,Y,1,,
6/23/2021,EARLY,S,10,A,GOM,SYRBULA,ADMIRABILIS,U,N,Y,1,,
6/23/2021,EARLY,S,10,B,CYR,NA,NA,U,N,N,1,,"BROWN , MUDDLED NON-DESCRIPT NYMPH"
6/23/2021,EARLY,F,10,C,GOM,ACHURUM,CARINATUM,F,A,Y,2,,
6/23/2021,EARLY,F,10,C,GOM,AMBLYTROPIDIA,MYSTECA,F,A,Y,1,,
6/23/2021,EARLY,F,10,C,CYR,MELANOPLUS,ROTUNDIPENNIS,M,A,Y,1,,
6/23/2021,EARLY,F,10,C,GOM,ORPHULELLA,PELIDNA,M,A,Y,1,,
6/23/2021,EARLY,S,15,A,OED,NA,NA,U,N,N,1,BBWSIF,BROWN BLACK/WHITE STRIPE INNER FEMUR OED
6/23/2021,EARLY,S,15,C,TET,ODONTOXIPHIDIUM,APTERUM,U,N,Y,1,BWDSPC,
6/23/2021,EARLY,S,15,C,GOM,AMBLYTROPIDIA,MYSTECA,U,N,Y,2,RFSPSN,
6/23/2021,EARLY,F,15,C,GRY,NA,NA,U,N,N,1,TNGRYN,TINY NON-DESCRIPT GRY NYMPH
6/23/2021,EARLY,S,15,B,CYR,APTENOPEDES,SPHENARIOIDES,U,N,Y,1,TWASEG W/ RED DORSAL STRIPE,
6/23/2021,EARLY,S,15,A,GOM,ACHURUM,CARINATUM,F,A,Y,1,,
6/23/2021,EARLY,S,15,B,GRY,NA,NA,F,U,N,1,,
6/23/2021,EARLY,S,15,B,CYR,NA,NA,U,N,N,2,,BROWN TWASEN W/ GRAY EYES
6/23/2021,EARLY,F,15,C,OED,PARDALOPHORA,PHOENICOPTERA,M,A,Y,1,,
6/23/2021,EARLY,S,15,C,CYR,MELANOPLUS,ROTUNDIPENNIS,F,A,Y,1,,
6/23/2021,EARLY,S,15,C,GRY,NA,NA,F,A,N,1,,MANGLED
6/23/2021,EARLY,S,15,C,CYR,SCHISTOCERCA,NA,U,N,N,1,,
6/24/2021,EARLY,S,2,B,TET,ODONTOXIPHIDIUM,APTERUM,F,N,Y,1,BWDSPC,
6/24/2021,EARLY,S,2,B,TET,ODONTOXIPHIDIUM,APTERUM,U,N,Y,7,BWDSPC,
6/24/2021,EARLY,S,2,B,CYR,APTENOPEDES,SPHENARIOIDES,U,N,Y,1,RAGBMS,
6/24/2021,EARLY,S,2,B,GOM,AMBLYTROPIDIA,MYSTECA,U,N,Y,1,RFSPSN,
6/24/2021,EARLY,S,2,A,CYR,MELANOPLUS,ROTUNDIPENNIS,U,N,Y,2,STEBTM,MAYBE M. ORDWAYAE
6/24/2021,EARLY,S,2,B,CYR,MELANOPLUS,ROTUNDIPENNIS,U,N,Y,2,STEBTM,STRIPE-THROUGH-EYE BROWN TIBIA MELANOPLUS
6/24/2021,EARLY,S,2,B,CYR,APTENOPEDES,SPHENARIOIDES,U,N,Y,1,TWASEG,
6/24/2021,EARLY,S,2,C,GOM,ERITETTIX,OBSCURUS,U,N,Y,1,TYDSSA,"TAN, YELLOW DORSAL STRIPE SWORD ANTENNAE"
6/24/2021,EARLY,S,2,A,CYR,SCHISTOCERCA,NA,U,N,N,1,,
6/24/2021,EARLY,S,2,B,CYR,MELANOPLUS,ROTUNDIPENNIS,M,A,Y,1,,
6/24/2021,EARLY,S,2,B,CYR,SCHISTOCERCA,NA,U,N,N,1,,
6/24/2021,EARLY,S,2,C,TET,NA,NA,U,N,N,1,,MANGLED
6/24/2021,EARLY,S,2,C,OED,PARDALOPHORA,PHOENICOPTERA,F,A,Y,1,,
6/24/2021,EARLY,S,3,B,TET,ODONTOXIPHIDIUM,APTERUM,U,N,Y,2,BWDSPC,BUT WHITE EDGE OF DORSAL STRIPE MISSING
6/24/2021,EARLY,S,3,B,CYR,MELANOPLUS,ROTUNDIPENNIS,U,N,Y,2,STEBTM,
6/24/2021,EARLY,S,3,A,GOM,SYRBULA,ADMIRABILIS,U,N,Y,1,TDSGBG,MAYBE S. ADMIRABILIS
6/24/2021,EARLY,S,3,B,CYR,MELANOPLUS,ROTUNDIPENNIS,F,A,Y,1,,
6/24/2021,EARLY,S,3,B,CYR,SCHISTOCERCA,NA,U,N,N,1,,
6/24/2021,EARLY,S,3,B,GOM,SYRBULA,ADMIRABILIS,U,N,Y,1,,
6/24/2021,EARLY,S,3,C,GOM,ACHURUM,CARINATUM,M,U,Y,1,,
6/24/2021,EARLY,S,3,C,GOM,NA,NA,U,N,N,1,,POSSIBLY MERMIA PICTA
6/24/2021,EARLY,S,3,C,TET,NA,NA,U,N,N,1,,MANGLED
6/24/2021,EARLY,S,3,C,CYR,SCHISTOCERCA,NA,U,N,N,2,,
6/24/2021,EARLY,S,5,A,CYR,MELANOPLUS,KEELERI,U,N,Y,1,BLGBLM,
6/24/2021,EARLY,S,5,A,TET,ODONTOXIPHIDIUM,APTERUM,U,N,Y,1,BWDSPC,
6/24/2021,EARLY,S,5,B,TET,ODONTOXIPHIDIUM,APTERUM,F,U,Y,1,BWDSPC,
6/24/2021,EARLY,S,5,A,TET,ODONTOXIPHIDIUM,APTERUM,F,A,Y,1,RBDSTN,
6/24/2021,EARLY,S,5,A,CYR,MELANOPLUS,ROTUNDIPENNIS,U,N,Y,1,STEBTM,
6/24/2021,EARLY,S,5,A,GOM,ERITETTIX,OBSCURUS,U,N,Y,1,TYDSSA,
6/24/2021,EARLY,S,5,A,CYR,MELANOPLUS,ROTUNDIPENNIS,F,A,Y,1,,
6/24/2021,EARLY,S,5,A,GOM,NA,NA,U,N,N,1,,MAYBE O. PELIDNA
6/24/2021,EARLY,S,5,A,OED,PARDALOPHORA,PHOENICOPTERA,F,A,Y,1,,
6/24/2021,EARLY,S,5,A,OED,PARDALOPHORA,PHOENICOPTERA,M,A,Y,1,,
6/24/2021,EARLY,S,5,B,GOM,ERITETTIX,OBSCURUS,M,A,Y,1,,
6/24/2021,EARLY,S,5,B,GOM,NA,NA,U,N,N,1,,MAYBE NYMPHAL E. OBSCURUS
6/24/2021,EARLY,S,5,B,GOM,NA,NA,U,N,N,1,,MANGLED
6/24/2021,EARLY,S,5,B,OED,NA,NA,U,U,N,1,,1 BWG
6/24/2021,EARLY,S,5,C,NA,NA,NA,NA,NA,NA,NA,,NO GRASSHOPPERS
6/24/2021,EARLY,S,6,A,CYR,MELANOPLUS,KEELERI,U,N,Y,1,BLGBLM,
6/24/2021,EARLY,S,6,B,CYR,MELANOPLUS,KEELERI,U,N,Y,5,BLGBLM,
6/24/2021,EARLY,S,6,C,CYR,MELANOPLUS,KEELERI,U,N,Y,8,BLGBLM,
6/24/2021,EARLY,S,6,A,TET,ODONTOXIPHIDIUM,APTERUM,U,N,Y,2,BWDSPC,
6/24/2021,EARLY,S,6,B,TET,ODONTOXIPHIDIUM,APTERUM,U,N,Y,1,BWDSPC,
6/24/2021,EARLY,S,6,C,TET,ODONTOXIPHIDIUM,APTERUM,U,N,Y,5,BWDSPC,
6/24/2021,EARLY,S,6,B,TET,ODONTOXIPHIDIUM,APTERUM,U,N,Y,1,RBDSTN,
6/24/2021,EARLY,S,6,C,TET,ODONTOXIPHIDIUM,APTERUM,U,N,Y,1,RBDSTN,"RED, BROWN DORSAL STRIPE TET NYMPH"
6/24/2021,EARLY,S,6,B,GOM,AMBLYTROPIDIA,MYSTECA,U,N,Y,2,RFSPSN,
6/24/2021,EARLY,S,6,C,CYR,MELANOPLUS,ROTUNDIPENNIS,U,N,Y,2,STEBTM,
6/24/2021,EARLY,S,6,B,CYR,MELANOPLUS,ROTUNDIPENNIS,F,A,Y,1,,
6/24/2021,EARLY,S,6,B,OED,NA,NA,U,U,N,1,,1 BWG
6/24/2021,EARLY,S,7,B,CYR,MELANOPLUS,KEELERI,U,N,Y,1,BLGBLM,
6/24/2021,EARLY,S,7,A,TET,ODONTOXIPHIDIUM,APTERUM,U,N,Y,3,BWDSPC,
6/24/2021,EARLY,S,7,C,CYR,APTENOPEDES,SPHENARIOIDES,U,N,Y,1,RAGBMS,
6/24/2021,EARLY,S,7,A,OED,PARDALOPHORA,PHOENICOPTERA,M,A,Y,1,,
6/24/2021,EARLY,S,7,B,GOM,ACHURUM,CARINATUM,U,A,Y,1,,
6/24/2021,EARLY,S,7,B,CYR,MELANOPLUS,ROTUNDIPENNIS,M,A,Y,2,,
6/24/2021,EARLY,S,7,B,CYR,MELANOPLUS,NA,U,U,N,1,,MANGLED
6/24/2021,EARLY,S,7,B,OED,NA,NA,U,U,N,1,,1 BWG
6/24/2021,EARLY,S,7,B,OED,PARDALOPHORA,PHOENICOPTERA,F,A,Y,2,,
6/24/2021,EARLY,S,7,C,CYR,MELANOPLUS,IMPUDICUS,M,A,Y,1,,LOOK AT SUPRA-ANAL PLATE
6/24/2021,EARLY,S,7,C,CYR,MELANOPLUS,ROTUNDIPENNIS,M,A,Y,1,,
6/24/2021,EARLY,S,7,C,OED,NA,NA,U,U,N,1,,1 BWG
6/24/2021,EARLY,S,7,C,GOM,NA,NA,U,N,N,1,,"GREEN BODY, TAN DORSAL STRIPE, MAYBE MERMIRIA"
6/24/2021,EARLY,S,7,C,OED,PARDALOPHORA,PHOENICOPTERA,F,A,Y,2,,
6/24/2021,EARLY,S,7,C,OED,PARDALOPHORA,PHOENICOPTERA,M,A,Y,1,,
6/25/2021,EARLY,S,1,C,TET,ODONTOXIPHIDIUM,APTERUM,U,N,Y,4,BWDSPC,
6/25/2021,EARLY,F,1,A,CYR,NA,NA,U,N,N,2,NA,Green nymph w/ slanted face
6/25/2021,EARLY,F,1,A,NA,NA,NA,U,N,N,3,NA,
6/25/2021,EARLY,F,1,A,GOM,ORPHULELLA,PELIDNA,F,A,Y,1,NA,Pinched pronutum w/ white LATEral edges and black triangles
6/25/2021,EARLY,F,1,B,CYR,APTENOPEDES,SPHENARIOIDES,M,A,Y,1,NA,WINGS REDUCED TO LONG LINEAR PADS
6/25/2021,EARLY,F,1,B,GOM,ORPHULELLA,PELIDNA,F,A,Y,1,NA,
6/25/2021,EARLY,F,1,B,OED,PARDALOPHORA,PHOENICOPTERA,U,A,Y,1,NA,Bright blue/orange femur
6/25/2021,EARLY,F,1,C,GOM,ACHURUM,CARINATUM,F,A,Y,1,NA,
6/25/2021,EARLY,F,1,C,GOM,ACHURUM,CARINATUM,M,A,Y,1,NA,
6/25/2021,EARLY,F,1,C,GOM,ACHURUM,CARINATUM,M,N,Y,2,NA,
6/25/2021,EARLY,F,1,C,TET,NA,NA,U,N,N,6,NA,MANGLED SPECIMENS
6/25/2021,EARLY,F,1,C,GRY,NA,NA,F,U,N,1,NA,
6/25/2021,EARLY,F,1,C,GOM,AMBLYTROPIDIA,MYSTECA,M,N,Y,1,RFSPSN,
6/25/2021,EARLY,S,1,C,GOM,AMBLYTROPIDIA,MYSTECA,U,N,Y,3,RFSPSN,
6/25/2021,EARLY,S,1,C,CYR,MELANOPLUS,ROTUNDIPENNIS,F,A,Y,1,,
6/25/2021,EARLY,S,1,C,CYR,MELANOPLUS,NA,M,N,N,2,,NO DISTINGUISHING FEATURES
6/25/2021,EARLY,S,1,C,GRY,NA,NA,U,U,N,1,,
6/25/2021,EARLY,F,2,A,GOM,ACHURUM,CARINATUM,F,A,Y,2,NA,
6/25/2021,EARLY,F,2,A,GRY,NA,NA,U,N,N,1,NA,MANGLED
6/25/2021,EARLY,F,2,A,TET,NA,NA,M,N,N,3,NA,POSSIBLY CONOCEPHALINAE
6/25/2021,EARLY,F,2,B,GOM,ACHURUM,CARINATUM,F,N,Y,1,NA,SAMPLE MANGLED
6/25/2021,EARLY,F,2,B,CYR,APTENOPEDES,SPHENARIOIDES,M,A,Y,1,NA,LINEAR WING PADS W/ WHITE ON TOP AND LACK ON BOTTOM
6/25/2021,EARLY,F,2,C,GOM,ACHURUM,CARINATUM,M,N,U,1,NA,NO SPUR
6/25/2021,EARLY,F,2,C,OED,CHORTOPHAGA,AUSTRALIOR,M,A,Y,1,NA,X MARK DORSALLY ON PRONOTUM; MUTED COLORS ON WINGS
6/25/2021,EARLY,F,2,C,CYR,LEPTYSMA,MARGINICOLLIS,F,N,U,1,NA,SPUR AND LONG HEAD (NOT AS LONG AS A. CARINATUM)
6/25/2021,EARLY,F,2,C,CYR,NA,NA,U,N,N,1,NA,POSSIBLY A. SPHENARIOIDES
6/25/2021,EARLY,F,2,C,NA,NA,NA,U,N,N,2,NA,POSSIBLY A MOLTED OED; REDDISH/BROWN DORSAL STRIPE
6/25/2021,EARLY,F,2,C,NA,NA,NA,U,N,N,2,NA,
6/25/2021,EARLY,F,2,A,GOM,AMBLYTROPIDIA,MYSTECA,U,N,Y,8,RFSPSN,"RED FACED, SPOTTED PRONOTUM, STRIPED NYMPH"
6/25/2021,EARLY,F,2,A,CYR,APTENOPEDES,SPHENARIOIDES,M,N,Y,2,TWASEG,"THICK, WHITESTRIPED ANTENNAE; SPOTTED EYED, GREEN NYMPH"
6/27/2021,EARLY,F,13,C,TET,ODONTOXIPHIDIUM,APTERUM,U,N,Y,1,BWDSPC,POSSIBLY CONOCEPHALINAE
6/27/2021,EARLY,F,13,A,CYR,MELANOPLUS,NA,M,N,N,3,,
6/27/2021,EARLY,F,13,A,TET,NA,NA,U,N,N,1,,ONLY HEAD AND THORAX
6/27/2021,EARLY,F,13,A,GOM,ORPHULELLA,PELIDNA,M,A,Y,1,,PRONOTUM PINCHED W/ WHITE LINES ON LATERAL EDGES
6/27/2021,EARLY,F,13,A,GOM,ORPHULELLA,PELIDNA,F,A,Y,1,,
6/27/2021,EARLY,F,13,C,GOM,ACHURUM,CARINATUM,U,U,Y,1,,MANGLED SPECIMEN
6/27/2021,EARLY,F,14,C,TET,NA,NA,M,U,N,2,SBWESK,"SMALL, BLACK, WHITE EYE STRIPE KATYDID"
6/27/2021,EARLY,F,14,A,GOM,ACHURUM,CARINATUM,F,A,Y,1,,
6/27/2021,EARLY,F,14,A,CYR,MELANOPLUS,NA,U,N,N,1,,
6/27/2021,EARLY,F,14,A,CYR,NA,NA,U,U,N,1,,VERY MANGLED SPECIMEN
6/27/2021,EARLY,F,14,A,OED,PARDALOPHORA,PHOENICOPTERA,M,A,Y,1,,
6/27/2021,EARLY,F,14,B,OED,PARDALOPHORA,PHOENICOPTERA,F,A,Y,1,,
6/27/2021,EARLY,F,14,C,OED,PARDALOPHORA,PHOENICOPTERA,F,A,Y,1,,MANGLED SPECIMEN
6/28/2021,EARLY,S,11,A,CYR,MELANOPLUS,KEELERI,U,N,Y,1,BLGBLM,
6/28/2021,EARLY,S,11,B,CYR,MELANOPLUS,KEELERI,U,N,Y,1,BLGBLM,
6/28/2021,EARLY,S,11,C,CYR,MELANOPLUS,KEELERI,U,N,Y,3,BLGBLM,
6/28/2021,EARLY,S,11,A,TET,ODONTOXIPHIDIUM,APTERUM,U,N,Y,3,BWDSPC,
6/28/2021,EARLY,S,11,B,TET,ODONTOXIPHIDIUM,APTERUM,U,N,Y,2,BWDSPC,
6/28/2021,EARLY,S,11,C,TET,ODONTOXIPHIDIUM,APTERUM,U,N,Y,2,BWDSPC,
6/28/2021,EARLY,S,11,B,GOM,NA,NA,U,N,N,2,DBTDSN,MIGHT BE S. ADMIRABILIS NYMPH
6/28/2021,EARLY,S,11,C,GOM,NA,NA,U,N,N,1,DBTDSN,MAYBE ERITETTIX OBSCURUS
6/28/2021,EARLY,S,11,A,CYR,APTENOPEDES,SPHENARIOIDES,U,N,Y,1,RAGBMS,
6/28/2021,EARLY,S,11,B,CYR,APTENOPEDES,SPHENARIOIDES,U,N,Y,1,RAGBMS,
6/28/2021,EARLY,S,11,C,CYR,APTENOPEDES,SPHENARIOIDES,U,N,Y,1,RAGBMS,
6/28/2021,EARLY,S,11,B,GOM,SYRBULA,ADMIRABILIS,U,N,Y,1,TDSGBG,PROBABLY SRYBULA ADMIRABILIS NYMPH
6/28/2021,EARLY,S,11,A,CYR,MELANOPLUS,ROTUNDIPENNIS,M,A,Y,2,,
6/28/2021,EARLY,S,11,B,CYR,MELANOPLUS,ROTUNDIPENNIS,M,A,Y,1,,
6/28/2021,EARLY,S,11,C,GOM,NA,NA,U,N,N,1,,MAYBE S. ADMIRABILIS; CAN'T IDENTIFY DUE TO LIFESTAGE
6/28/2021,EARLY,S,11,C,NA,NA,NA,U,N,N,1,,EITHER A. CARINATUM OR LEPTYSMA MARGINICOLLIS
6/28/2021,EARLY,S,11,C,GRY,NA,NA,F,U,N,1,,
6/28/2021,EARLY,S,11,C,GOM,NA,NA,U,N,N,1,,LOOKED LIKE SCHISTOCERCA NYMPH BUT NO SPUR
6/28/2021,EARLY,S,11,C,NA,NA,NA,U,N,N,2,,2 UNKNOWN NYMPHS
6/28/2021,EARLY,S,12,A,CYR,MELANOPLUS,KEELERI,U,N,Y,1,BLGBLM,LONG-WINGED MELANOPLUS NYMPH
6/28/2021,EARLY,S,12,C,CYR,MELANOPLUS,KEELERI,U,N,Y,3,BLGBLM,"BLUE LEGGED, GREEN BELLY, LONG-WINGED MELANOPLUS"
6/28/2021,EARLY,S,12,A,TET,ODONTOXIPHIDIUM,APTERUM,U,N,Y,8,BWDSPC,
6/28/2021,EARLY,S,12,B,TET,ODONTOXIPHIDIUM,APTERUM,U,N,Y,4,BWDSPC,
6/28/2021,EARLY,S,12,C,TET,ODONTOXIPHIDIUM,APTERUM,U,N,Y,2,BWDSPC,
6/28/2021,EARLY,S,12,A,NA,NA,NA,U,N,N,1,DBTDSN,"DARK BROWN, TAN DORSAL STRIPE NYMPH"
6/28/2021,EARLY,S,12,B,GOM,NA,NA,U,N,N,1,DBTDSN,MAYBE ERITETTIX OBSCURUS
6/28/2021,EARLY,S,12,C,NA,NA,NA,U,N,N,1,DBTDSN,
6/28/2021,EARLY,S,12,B,CYR,MELANOPLUS,NA,U,N,N,1,MBBWUN,"MUDDLED BROWN, BLACK, WHITE UNKNOWN NYMPH; MAYBE TBAWSN"
6/28/2021,EARLY,S,12,A,CYR,APTENOPEDES,SPHENARIOIDES,U,N,Y,1,RAGBMS,"RED ANTENNAE, GREEN BODY, MAYBE SCHISTOCERCA"
6/28/2021,EARLY,S,12,A,GOM,AMBLYTROPIDIA,MYSTECA,U,N,Y,2,RFSPSN,
6/28/2021,EARLY,S,12,B,GOM,AMBLYTROPIDIA,MYSTECA,U,N,Y,1,RFSPSN,
6/28/2021,EARLY,S,12,C,GOM,AMBLYTROPIDIA,MYSTECA,U,N,Y,1,RFSPSN,
6/28/2021,EARLY,S,12,A,CYR,MELANOPLUS,ROTUNDIPENNIS,M,A,Y,3,,
6/28/2021,EARLY,S,12,A,CYR,MELANOPLUS,NA,F,A,N,1,,POSSIBLY M. ROTUNDIPENNIS
6/28/2021,EARLY,S,12,A,NA,NA,NA,U,N,N,3,,MANGLED UNKNOWN NYMPHS
6/28/2021,EARLY,S,12,A,CYR,SCHISTOCERCA,NA,U,N,N,3,,
6/28/2021,EARLY,S,12,B,CYR,SCHISTOCERCA,NA,U,N,N,1,,
6/28/2021,EARLY,S,12,C,CYR,APTENOPEDES,SPHENARIOIDES,M,A,Y,1,,
6/28/2021,EARLY,S,12,C,CYR,MELANOPLUS,ROTUNDIPENNIS,M,A,Y,2,,
6/28/2021,EARLY,S,12,C,NA,NA,NA,U,N,N,1,,POSSIBLY SCHISTOCERCA
6/28/2021,EARLY,S,12,C,CYR,SCHISTOCERCA,NA,U,N,N,2,,
6/28/2021,EARLY,S,13,A,TET,ODONTOXIPHIDIUM,APTERUM,U,N,Y,4,BWDSPC,
6/28/2021,EARLY,S,13,C,TET,ODONTOXIPHIDIUM,APTERUM,U,N,Y,1,BWDSPC,BLACK WITH WHITE DORSAL STRIPE POSSIBLY CONOCEPHALINAE
6/28/2021,EARLY,S,13,B,GOM,NA,NA,U,N,N,2,DBTDSN,
6/28/2021,EARLY,S,13,C,TET,BELOCEPHALUS,SUBAPTERUS,U,N,Y,1,PGTETN,MANGLED PALE GREEN TET NYMPH
6/28/2021,EARLY,S,13,B,CYR,APTENOPEDES,SPHENARIOIDES,U,N,Y,1,RAGBMS,
6/28/2021,EARLY,S,13,A,GOM,NA,NA,U,N,N,1,,WHITE W/ BLACK EDGE DORSAL STRIPE; MAYBE ERITTETIX OBSCURUS
6/28/2021,EARLY,S,14,B,NA,NA,NA,U,N,N,1,TBAWSN,TINY BLACK AND WHITE STRIPED NYMPH
6/28/2021,EARLY,S,14,B,GOM,SYRBULA,ADMIRABILIS,U,N,Y,1,TDSGBG,"TAN DORSAL STRIPE, GREEN BODY GRASSHOPPER"
6/28/2021,EARLY,S,14,C,NA,SYRBULA,ADMIRABILIS,U,N,Y,1,TDSGBG,MAYBE METALEPTEA BREVICRNIS NYMPH
6/28/2021,EARLY,S,14,A,GOM,ACHURUM,CARINATUM,M,A,Y,1,,MIGHT BE A NYMPH
6/28/2021,EARLY,S,14,A,CYR,MELANOPLUS,ROTUNDIPENNIS,M,A,Y,1,,
6/28/2021,EARLY,S,14,B,CYR,SCHISTOCERCA,NA,U,N,N,1,,
6/28/2021,EARLY,S,14,C,GOM,APTENOPEDES,SPHENARIOIDES,U,A,Y,1,,ABDOMEN MANGLED
6/28/2021,EARLY,S,14,C,GOM,ERITETTIX,OBSCURUS,U,N,Y,1,,LIKELY DBTDSN
6/28/2021,EARLY,S,14,C,GOM,ORPHULELLA,PELIDNA,F,A,Y,1,,
9/21/2021,LATE,S,4,B,GOM,ERITETTIX,OBSCURUS,U,N,Y,2,TYDSSA,
9/21/2021,LATE,S,4,A,GOM,ACHURUM,CARINATUM,F,A,Y,2,,
9/21/2021,LATE,S,4,A,GOM,ACHURUM,CARINATUM,M,A,Y,1,,
9/21/2021,LATE,S,4,A,GOM,ACHURUM,CARINATUM,U,N,Y,2,,
9/21/2021,LATE,S,4,A,GOM,DICHROMORPHA,VIRIDIS,F,A,Y,1,,
9/21/2021,LATE,S,4,A,GOM,ERITETTIX,OBSCURUS,U,N,Y,1,,
9/21/2021,LATE,S,4,A,GOM,ORPHULELLA,PELIDNA,M,A,Y,1,,
9/21/2021,LATE,S,4,B,GOM,ACHURUM,CARINATUM,F,A,Y,1,,
9/21/2021,LATE,S,4,B,GOM,ACHURUM,CARINATUM,U,N,Y,3,,
9/21/2021,LATE,S,4,B,CYR,APTENOPEDES,SPHENARIOIDES,M,N,Y,1,,
9/21/2021,LATE,S,4,B,GOM,NA,NA,U,U,N,1,,EITHER A. MYSTECA OR D. VIRIDIS
9/21/2021,LATE,S,4,C,GOM,ACHURUM,CARINATUM,F,A,Y,1,,
9/21/2021,LATE,S,4,C,GOM,ACHURUM,CARINATUM,M,A,Y,1,,
9/21/2021,LATE,S,4,C,GOM,ACHURUM,CARINATUM,U,N,Y,3,,
9/21/2021,LATE,S,4,C,GOM,ERITETTIX,OBSCURUS,F,A,Y,1,,
9/21/2021,LATE,S,4,C,GOM,NA,NA,U,N,N,1,,EITHER A. MYSTECA OR D. VIRIDIS
9/21/2021,LATE,S,5,A,TET,ODONTOXIPHIDIUM,APTERUM,M,A,Y,1,BWDSPC,
9/21/2021,LATE,S,5,B,CYR,NA,NA,U,N,N,1,TBAWSN,
9/21/2021,LATE,S,5,A,GOM,ERITETTIX,OBSCURUS,U,N,Y,1,TYDSSA,
9/21/2021,LATE,S,5,A,GOM,ACHURUM,CARINATUM,F,A,Y,2,,
9/21/2021,LATE,S,5,A,GOM,ACHURUM,CARINATUM,M,A,Y,1,,
9/21/2021,LATE,S,5,A,GOM,ACHURUM,CARINATUM,U,N,Y,4,,
9/21/2021,LATE,S,5,A,GOM,AMBLYTROPIDIA,MYSTECA,M,A,Y,1,,
9/21/2021,LATE,S,5,A,GOM,DICHROMORPHA,VIRIDIS,M,A,Y,2,,
9/21/2021,LATE,S,5,A,GOM,SYRBULA,ADMIRABILIS,U,N,Y,1,,
9/21/2021,LATE,S,5,B,GOM,ERITETTIX,OBSCURUS,U,N,Y,1,,
9/21/2021,LATE,S,5,C,GOM,AMBLYTROPIDIA,MYSTECA,M,A,Y,1,,
9/21/2021,LATE,S,5,C,CYR,MELANOPLUS,ROTUNDIPENNIS,M,A,Y,1,,
9/21/2021,LATE,S,6,B,TET,ODONTOXIPHIDIUM,APTERUM,U,N,Y,1,BWDSPC,
9/21/2021,LATE,S,6,A,TET,ODONTOXIPHIDIUM,APTERUM,M,A,Y,1,RBDSTN,
9/21/2021,LATE,S,6,A,TET,ODONTOXIPHIDIUM,APTERUM,U,N,Y,1,RBDSTN,
9/21/2021,LATE,S,6,B,CYR,MELANOPLUS,ROTUNDIPENNIS,U,N,Y,2,STEBTM,
9/21/2021,LATE,S,6,A,GOM,ERITETTIX,OBSCURUS,U,N,Y,2,TYDSSA,
9/21/2021,LATE,S,6,A,GOM,DICHROMORPHA,VIRIDIS,U,N,Y,1,,
9/21/2021,LATE,S,6,A,GOM,ERITETTIX,OBSCURUS,U,N,Y,1,,
9/21/2021,LATE,S,6,A,CYR,MELANOPLUS,ROTUNDIPENNIS,F,A,Y,1,,
9/21/2021,LATE,S,6,A,CYR,MELANOPLUS,ROTUNDIPENNIS,M,A,Y,1,,
9/21/2021,LATE,S,6,A,OED,NA,NA,U,U,N,1,,1 BWG
9/21/2021,LATE,S,6,A,CYR,SCHISTOCERCA,DAMNIFICA,M,A,Y,1,,
9/21/2021,LATE,S,6,B,GOM,ACHURUM,CARINATUM,U,N,Y,2,,
9/21/2021,LATE,S,6,B,GOM,DICHROMORPHA,VIRIDIS,U,N,Y,1,,
9/21/2021,LATE,S,6,B,GOM,ERITETTIX,OBSCURUS,U,N,Y,1,,
9/21/2021,LATE,S,6,C,GOM,AMBLYTROPIDIA,MYSTECA,M,A,Y,1,,
9/21/2021,LATE,S,6,C,GOM,ERITETTIX,OBSCURUS,U,N,Y,1,,
9/21/2021,LATE,S,6,C,CYR,MELANOPLUS,NA,F,A,N,1,,KEELERI OR IMPIDICUS; CAN'T ID FEMALES
9/21/2021,LATE,S,6,C,CYR,SCHISTOCERCA,NA,U,N,N,1,,MANGLED
9/21/2021,LATE,S,7,A,TET,BELOCEPHALUS,SUBAPTERUS,U,U,Y,1,PGTETN,
9/21/2021,LATE,S,7,B,TET,BELOCEPHALUS,SUBAPTERUS,U,U,Y,1,PGTETN,
9/21/2021,LATE,S,7,A,TET,ODONTOXIPHIDIUM,APTERUM,M,A,Y,1,RBDSTN,
9/21/2021,LATE,S,7,A,CYR,MELANOPLUS,ROTUNDIPENNIS,U,N,Y,1,STEBTM,
9/21/2021,LATE,S,7,B,CYR,MELANOPLUS,ROTUNDIPENNIS,U,N,Y,1,STEBTM,
9/21/2021,LATE,S,7,C,CYR,MELANOPLUS,ROTUNDIPENNIS,U,N,Y,1,STEBTM,
9/21/2021,LATE,S,7,B,CYR,APTENOPEDES,SPHENARIOIDES,U,N,Y,1,TWASEG,
9/21/2021,LATE,S,7,C,CYR,APTENOPEDES,SPHENARIOIDES,U,N,Y,1,TWASEG,
9/21/2021,LATE,S,7,A,GOM,ERITETTIX,OBSCURUS,U,N,Y,2,TYDSSA,
9/21/2021,LATE,S,7,B,GOM,ERITETTIX,OBSCURUS,U,N,Y,4,TYDSSA,
9/21/2021,LATE,S,7,C,GOM,ERITETTIX,OBSCURUS,U,N,Y,1,TYDSSA,
9/21/2021,LATE,S,7,B,GOM,ACHURUM,CARINATUM,U,N,Y,5,,
9/21/2021,LATE,S,7,B,GOM,ERITETTIX,OBSCURUS,U,N,Y,2,,
9/21/2021,LATE,S,7,B,GRY,NA,NA,U,U,N,1,,
9/21/2021,LATE,S,7,B,CYR,SCHISTOCERCA,DAMNIFICA,F,A,Y,1,,
9/21/2021,LATE,S,7,C,GOM,ERITETTIX,OBSCURUS,U,N,Y,1,,
9/21/2021,LATE,S,7,C,GRY,NA,NA,U,N,N,1,,
9/21/2021,LATE,S,7,C,OED,NA,NA,U,U,N,1,,1 BWG
9/21/2021,LATE,S,8,A,CYR,MELANOPLUS,ROTUNDIPENNIS,U,N,Y,2,STEBTM,
9/21/2021,LATE,S,8,B,GOM,ACHURUM,CARINATUM,U,N,Y,1,,
9/21/2021,LATE,S,8,B,CYR,MELANOPLUS,NA,U,N,N,1,,STEBTM/TBAWSN
9/21/2021,LATE,S,8,B,GRY,NA,NA,U,U,N,1,,
9/21/2021,LATE,S,8,C,GOM,ACHURUM,CARINATUM,M,A,Y,1,,
9/21/2021,LATE,S,8,C,GOM,NA,NA,U,N,N,1,,TYDSSA OR S. ADMIRABILIS
9/21/2021,LATE,S,8,C,GOM,SYRBULA,ADMIRABILIS,U,N,Y,1,,
9/21/2021,LATE,S,9,A,OED,ARPHIA,NA,U,N,Y,1,ABWSIF,ALL BLACK W/ WHITE SPOT ON INNER FEMUR OED NYMPH
9/21/2021,LATE,S,9,C,GOM,AMBLYTROPIDIA,MYSTECA,U,N,Y,1,RFSPSN,
9/21/2021,LATE,S,9,A,GOM,ERITETTIX,OBSCURUS,U,N,Y,1,,
9/21/2021,LATE,S,9,B,NA,NA,NA,NA,NA,NA,NA,,NO GRASSHOPPERS
9/21/2021,LATE,S,9,C,GOM,ACHURUM,CARINATUM,U,N,Y,3,,
9/21/2021,LATE,S,9,C,GOM,DICHROMORPHA,VIRIDIS,F,A,Y,1,,MISSING HEAD
9/21/2021,LATE,S,9,C,GOM,DICHROMORPHA,VIRIDIS,U,N,Y,1,,
9/21/2021,LATE,S,9,C,CYR,SCHISTOCERCA,DAMNIFICA,F,A,Y,1,,
9/23/2021,LATE,S,1,B,TET,ODONTOXIPHIDIUM,APTERUM,U,N,Y,3,BWDSPC,
9/23/2021,LATE,S,1,B,TET,ODONTOXIPHIDIUM,APTERUM,F,U,Y,1,"BWDSPC W/ BROWN, NOT BLACK",
9/23/2021,LATE,S,1,A,TET,NA,NA,F,N,N,1,BWDSPC W/ RED LEGS,
9/23/2021,LATE,S,1,C,TET,NA,NA,F,U,N,2,BWDSPC W/ RED LEGS,
9/23/2021,LATE,S,1,C,TET,NA,NA,U,U,N,1,BWDSPC W/ RED LEGS,
9/23/2021,LATE,S,1,B,CYR,MELANOPLUS,NA,U,N,N,1,MBBWUN,
9/23/2021,LATE,S,1,B,TET,ODONTOXIPHIDIUM,APTERUM,U,N,Y,1,RBDSTN,
9/23/2021,LATE,S,1,C,GOM,AMBLYTROPIDIA,MYSTECA,U,N,Y,2,RFSPSN,
9/23/2021,LATE,S,1,C,GOM,ERITETTIX,OBSCURUS,U,N,Y,1,TYDSSA,
9/23/2021,LATE,S,1,A,GOM,AMBLYTROPIDIA,MYSTECA,F,A,Y,1,,
9/23/2021,LATE,S,1,B,CYR,MELANOPLUS,ROTUNDIPENNIS,F,A,Y,2,,
9/23/2021,LATE,S,1,B,CYR,MELANOPLUS,ROTUNDIPENNIS,M,A,Y,1,,
9/23/2021,LATE,S,1,B,GOM,NA,NA,U,N,N,1,,MAYBE ERITETTIX OBSCURUS
9/23/2021,LATE,S,1,B,GOM,NA,NA,U,N,N,2,,MAYBE A. MYSTECA
9/23/2021,LATE,S,1,B,GOM,ORPHULELLA,PELIDNA,F,A,Y,1,,
9/23/2021,LATE,S,1,B,CYR,SCHISTOCERCA,NA,U,N,N,1,,BLACK DORSAL STRIPE AN UNDER EYE STRIPE
9/23/2021,LATE,S,1,C,CYR,APTENOPEDES,SPHENARIOIDES,U,N,Y,1,,
9/23/2021,LATE,S,1,C,CYR,MELANOPLUS,ROTUNDIPENNIS,F,A,Y,1,,
9/23/2021,LATE,S,1,C,CYR,SCHISTOCERCA,NA,U,N,N,1,,
9/23/2021,LATE,S,2,A,TET,ODONTOXIPHIDIUM,APTERUM,U,N,Y,2,BWDSPC,
9/23/2021,LATE,S,2,A,TET,NA,NA,F,N,N,3,BWDSPC W/ RED LEGS,
9/23/2021,LATE,S,2,A,TET,NA,NA,U,N,N,3,BWDSPC W/ RED LEGS,
9/23/2021,LATE,S,2,B,TET,NA,NA,U,N,N,3,BWDSPC W/ RED LEGS,
9/23/2021,LATE,S,2,B,GOM,NA,NA,U,N,N,1,DBTDSN,MAYBE ERITETTIX OBSCURUS
9/23/2021,LATE,S,2,B,TET,BELOCEPHALUS,SUBAPTERUS,U,N,Y,1,PGTETN,
9/23/2021,LATE,S,2,C,TET,ODONTOXIPHIDIUM,APTERUM,U,N,Y,1,RBDSTN,
9/23/2021,LATE,S,2,A,GOM,AMBLYTROPIDIA,MYSTECA,U,N,Y,1,RFSPSN,
9/23/2021,LATE,S,2,A,GOM,ERITETTIX,OBSCURUS,U,N,Y,1,TYDSSA,
9/23/2021,LATE,S,2,A,GOM,ERITETTIX,OBSCURUS,F,A,Y,1,,
9/23/2021,LATE,S,2,A,CYR,MELANOPLUS,ROTUNDIPENNIS,F,A,Y,1,,
9/23/2021,LATE,S,2,A,GRY,NA,NA,U,U,N,1,,
9/23/2021,LATE,S,2,B,CYR,APTENOPEDES,SPHENARIOIDES,M,A,Y,1,,
9/23/2021,LATE,S,2,B,CYR,MELANOPLUS,ROTUNDIPENNIS,M,A,Y,1,,
9/23/2021,LATE,S,2,B,GOM,NA,NA,F,U,N,1,,EITHER DICHROMORPHA VIRIDIS OR ERITETTIX OBSCURUS
9/23/2021,LATE,S,3,A,GOM,ERITETTIX,OBSCURUS,U,N,Y,1,BGPPMR,
9/23/2021,LATE,S,3,B,GOM,ERITETTIX,OBSCURUS,U,N,Y,2,BGPPMR,BROWN GOM W/ PINCHED PRONOTUM AND MEDIAN RIDGE
9/23/2021,LATE,S,3,A,TET,NA,NA,U,N,N,1,BWDSPC W/ RED LEGS,
9/23/2021,LATE,S,3,B,TET,NA,NA,U,N,N,1,BWDSPC W/ RED LEGS,
9/23/2021,LATE,S,3,C,TET,NA,NA,M,N,N,1,BWDSPC W/ RED LEGS,
9/23/2021,LATE,S,3,A,GOM,NA,NA,U,N,N,1,DBTDSN,
9/23/2021,LATE,S,3,C,GOM,NA,NA,U,N,N,1,DBTDSN,E. OBSCURUS?
9/23/2021,LATE,S,3,A,TET,ODONTOXIPHIDIUM,APTERUM,F,A,Y,2,RBDSTN,
9/23/2021,LATE,S,3,C,TET,NA,NA,F,N,N,1,TPPPUC,TANNISH PINK POSSIBLY PYRGOCORYPHA UNCINATA CONEHEAD
9/23/2021,LATE,S,3,A,GOM,ERITETTIX,OBSCURUS,U,N,Y,2,TYDSSA,
9/23/2021,LATE,S,3,B,GOM,ERITETTIX,OBSCURUS,U,N,Y,1,TYDSSA,
9/23/2021,LATE,S,3,A,GOM,ACHURUM,CARINATUM,U,N,Y,4,,
9/23/2021,LATE,S,3,A,CYR,MELANOPLUS,ROTUNDIPENNIS,M,A,Y,1,,
9/23/2021,LATE,S,3,A,GOM,NA,NA,U,N,N,2,,MAYBE S. ADMIRABILIS
9/23/2021,LATE,S,3,A,GOM,ORPHULELLA,PELIDNA,M,A,Y,1,,
9/23/2021,LATE,S,3,B,GOM,ACHURUM,CARINATUM,U,N,Y,7,,
9/23/2021,LATE,S,3,B,GOM,DICHROMORPHA,VIRIDIS,U,N,Y,1,,
9/23/2021,LATE,S,3,B,GOM,AMBLYTROPIDIA,MYSTECA,F,A,Y,2,,
9/23/2021,LATE,S,3,B,GOM,NA,NA,U,N,N,1,,MAYBE A. MYSTECA
9/23/2021,LATE,S,3,B,GRY,NA,NA,U,U,N,1,,
9/23/2021,LATE,S,3,B,CYR,SCHISTOCERCA,DAMNIFICA,M,A,Y,1,,
9/23/2021,LATE,S,3,B,CYR,SCHISTOCERCA,NA,U,N,N,1,,
9/23/2021,LATE,S,3,C,GOM,ACHURUM,CARINATUM,U,N,Y,8,,
9/23/2021,LATE,S,3,C,GOM,AMBLYTROPIDIA,MYSTECA,M,A,Y,1,,
9/23/2021,LATE,S,3,C,GOM,ORPHULELLA,PELIDNA,M,A,Y,1,,
9/23/2021,LATE,S,10,B,TET,ODONTOXIPHIDIUM,APTERUM,U,N,Y,1,RBDSTN,
9/23/2021,LATE,S,10,C,GOM,ERITETTIX,OBSCURUS,U,N,Y,1,TYDSSA,
9/23/2021,LATE,S,10,A,GOM,ERITETTIX,OBSCURUS,F,A,Y,1,,
9/23/2021,LATE,S,10,A,GRY,NA,NA,U,U,N,2,,
9/23/2021,LATE,S,10,A,GRY,NA,NA,U,U,N,1,,
9/23/2021,LATE,S,10,B,TET,NA,NA,U,N,N,1,,MANGLED
9/23/2021,LATE,S,10,B,GRY,NA,NA,U,U,N,2,,
9/23/2021,LATE,S,10,C,GOM,ACHURUM,CARINATUM,M,A,Y,1,,
9/23/2021,LATE,S,10,C,GOM,ACHURUM,CARINATUM,U,N,Y,1,,
9/23/2021,LATE,S,13,C,GOM,ERITETTIX,OBSCURUS,F,A,Y,1,SWBPPG,"SHORTWINGED, BROWN, PINCHED PRONOTUM GOM"
9/23/2021,LATE,S,13,A,GOM,NA,NA,U,N,N,1,TBAWSN,
9/23/2021,LATE,S,13,A,GOM,ERITETTIX,OBSCURUS,U,N,Y,1,TYDSSA,
9/23/2021,LATE,S,13,A,GOM,ACHURUM,CARINATUM,U,N,Y,1,,
9/23/2021,LATE,S,13,A,GOM,ERITETTIX,OBSCURUS,U,N,Y,2,,
9/23/2021,LATE,S,13,A,CYR,MELANOPLUS,NA,U,N,N,1,,M. ROTUNDIPENNIS OR STEBTM
9/23/2021,LATE,S,13,B,GOM,ERITETTIX,OBSCURUS,U,N,Y,1,,
9/23/2021,LATE,S,13,C,GOM,ACHURUM,CARINATUM,U,N,Y,1,,
9/23/2021,LATE,S,13,C,CYR,MELANOPLUS,NA,U,N,N,1,,M. ROTUNDIPENNIS OR STEBTM
9/23/2021,LATE,S,13,C,GRY,NA,NA,U,U,N,7,,
9/23/2021,LATE,S,14,A,TET,ODONTOXIPHIDIUM,APTERUM,F,A,Y,1,BWDSPC,
9/23/2021,LATE,S,14,B,TET,ODONTOXIPHIDIUM,APTERUM,F,A,Y,1,BWDSPC,
9/23/2021,LATE,S,14,A,TET,ODONTOXIPHIDIUM,APTERUM,U,A,Y,1,RBDSTN,
9/23/2021,LATE,S,14,C,GOM,ACHURUM,CARINATUM,U,N,Y,2,,
9/23/2021,LATE,S,14,C,CYR,SCHISTOCERCA,NA,F,N,N,1,,
9/23/2021,LATE,S,14,C,CYR,SCHISTOCERCA,NA,U,N,N,1,,VERY SMALL
9/23/2021,LATE,S,15,A,GOM,ERITETTIX,OBSCURUS,U,N,Y,2,TYDSSA,
9/23/2021,LATE,S,15,A,GOM,ACHURUM,CARINATUM,U,N,Y,5,,
9/23/2021,LATE,S,15,A,CYR,MELANOPLUS,ROTUNDIPENNIS,F,A,Y,1,,
9/23/2021,LATE,S,15,A,GRY,NA,NA,U,U,N,6,,
9/23/2021,LATE,S,15,C,GOM,ACHURUM,CARINATUM,U,N,Y,2,,
9/24/2021,LATE,S,11,B,GOM,ERITETTIX,OBSCURUS,U,N,Y,2,BGPPMR,
9/24/2021,LATE,S,11,A,CYR,APTENOPEDES,SPHENARIOIDES,U,N,Y,1,RAGBMS,
9/24/2021,LATE,S,11,A,TET,ODONTOXIPHIDIUM,APTERUM,M,A,Y,1,RBDSTN,
9/24/2021,LATE,S,11,A,GOM,ERITETTIX,OBSCURUS,U,N,Y,2,TYDSSA,
9/24/2021,LATE,S,11,B,GOM,ERITETTIX,OBSCURUS,U,N,Y,1,TYDSSA,
9/24/2021,LATE,S,11,A,GOM,DICHROMORPHA,VIRIDIS,F,U,N,1,,
9/24/2021,LATE,S,11,A,GOM,ERITETTIX,OBSCURUS,F,U,Y,1,,
9/24/2021,LATE,S,11,A,CYR,MELANOPLUS,ROTUNDIPENNIS,F,A,Y,1,,
9/24/2021,LATE,S,11,A,GOM,NA,NA,U,N,N,1,,MAYBE O. PELIDNA
9/24/2021,LATE,S,11,A,GRY,NA,NA,U,U,N,1,,
9/24/2021,LATE,S,11,A,GOM,SYRBULA,ADMIRABILIS,M,N,Y,1,,
9/24/2021,LATE,S,11,B,GOM,ERITETTIX,OBSCURUS,M,A,Y,1,,
9/24/2021,LATE,S,11,B,CYR,MELANOPLUS,ROTUNDIPENNIS,F,A,Y,2,,
9/24/2021,LATE,S,11,B,GRY,NA,NA,U,U,N,1,,
9/24/2021,LATE,S,11,C,CYR,MELANOPLUS,NA,U,N,N,1,,
9/24/2021,LATE,S,11,C,GOM,ORPHULELLA,PELIDNA,F,A,Y,1,,
9/24/2021,LATE,S,12,B,GOM,ERITETTIX,OBSCURUS,U,N,Y,1,BGPPMR,
9/24/2021,LATE,S,12,C,TET,ODONTOXIPHIDIUM,APTERUM,F,N,Y,1,BWDSPC,
9/24/2021,LATE,S,12,C,TET,ODONTOXIPHIDIUM,APTERUM,U,N,Y,1,BWDSPC,
9/24/2021,LATE,S,12,A,TET,BELOCEPHALUS,SUBAPTERUS,U,N,Y,1,PGTETN,MANGLED
9/24/2021,LATE,S,12,B,TET,BELOCEPHALUS,SUBAPTERUS,U,N,Y,1,PGTETN,
9/24/2021,LATE,S,12,A,TET,ODONTOXIPHIDIUM,APTERUM,F,A,Y,1,RBDSTN,
9/24/2021,LATE,S,12,B,TET,ODONTOXIPHIDIUM,APTERUM,F,A,Y,1,RBDSTN,
9/24/2021,LATE,S,12,C,TET,ODONTOXIPHIDIUM,APTERUM,M,A,Y,3,RBDSTN,
9/24/2021,LATE,S,12,B,GOM,AMBLYTROPIDIA,MYSTECA,U,N,Y,1,RFSPSN,
9/24/2021,LATE,S,12,B,CYR,MELANOPLUS,ROTUNDIPENNIS,F,N,Y,1,STEBTM,
9/24/2021,LATE,S,12,C,CYR,MELANOPLUS,ROTUNDIPENNIS,F,N,Y,1,STEBTM,
9/24/2021,LATE,S,12,A,GOM,ERITETTIX,OBSCURUS,U,N,Y,3,TYDSSA,
9/24/2021,LATE,S,12,A,CYR,MELANOPLUS,KEELERI,M,A,Y,2,,
9/24/2021,LATE,S,12,A,CYR,MELANOPLUS,KEELERI,F,A,Y,2,,FEMALES ARE NOT ABLE TO BE KEYED TO SPECIES
9/24/2021,LATE,S,12,B,CYR,MELANOPLUS,ROTUNDIPENNIS,F,A,Y,1,,
9/24/2021,LATE,S,12,B,GRY,NA,NA,U,U,N,1,,
9/24/2021,LATE,S,12,C,GOM,ACHURUM,CARINATUM,F,N,Y,1,,
9/24/2021,LATE,S,12,C,CYR,APTENOPEDES,SPHENARIOIDES,M,A,Y,1,,
9/24/2021,LATE,S,12,C,GOM,DICHROMORPHA,VIRIDIS,F,A,Y,1,,
9/24/2021,LATE,S,12,C,GOM,ERITETTIX,OBSCURUS,F,N,Y,1,,
9/24/2021,LATE,S,12,C,GOM,NA,NA,M,U,N,1,,MAYBE DICHROMORPHA VIRIDIS
9/24/2021,LATE,S,12,C,GRY,NA,NA,U,U,N,1,,
9/24/2021,LATE,S,12,C,CYR,SCHISTOCERCA,NA,U,N,N,1,,
9/24/2021,LATE,S,12,C,GOM,SYRBULA,ADMIRABILIS,F,N,Y,1,,
9/24/2021,LATE,S,12,C,GOM,SYRBULA,ADMIRABILIS,M,N,Y,1,,
7/5/2022,EARLY,S,1,A,CYR,SCHISTOCERCA,AMERICANA,U,N,Y,1,BEASLN,
7/5/2022,EARLY,S,1,B,CYR,SCHISTOCERCA,AMERICANA,U,N,Y,1,BEASLN,
7/5/2022,EARLY,S,1,D,CYR,SCHISTOCERCA,AMERICANA,U,N,Y,4,BEASLN,
7/5/2022,EARLY,S,1,B,CYR,MELANOPLUS,KEELERI,U,N,Y,1,BLGBLM,
7/5/2022,EARLY,S,1,D,CYR,MELANOPLUS,KEELERI,U,N,Y,1,BLGBLM,
7/5/2022,EARLY,S,1,C,CYR,MELANOPLUS,KEELERI,U,N,Y,1,BROWN BLGBLM,
7/5/2022,EARLY,S,1,D,CYR,MELANOPLUS,KEELERI,U,N,Y,2,BROWN BLGBLM,
7/5/2022,EARLY,S,1,A,TET,ODONTOXIPHIDIUM,APTERUM,U,N,Y,3,BWDSPC,
7/5/2022,EARLY,S,1,A,TET,ODONTOXIPHIDIUM,APTERUM,F,A,Y,1,BWDSPC,
7/5/2022,EARLY,S,1,B,TET,ODONTOXIPHIDIUM,APTERUM,F,A,Y,2,BWDSPC,
7/5/2022,EARLY,S,1,B,TET,ODONTOXIPHIDIUM,APTERUM,U,N,Y,1,BWDSPC,
7/5/2022,EARLY,S,1,C,TET,ODONTOXIPHIDIUM,APTERUM,U,N,Y,2,BWDSPC,
7/5/2022,EARLY,S,1,D,TET,ODONTOXIPHIDIUM,APTERUM,F,A,Y,1,BWDSPC,
7/5/2022,EARLY,S,1,A,GOM,SCHISTOCERCA,DAMNIFICA,U,N,Y,2,GBTEYA,"GREEN BODY, TAN EYE, YELLOW-TIPPED ANTENNAE"
7/5/2022,EARLY,S,1,A,GOM,MELANOPLUS,NA,U,N,N,6,MBBWUN,"MARMORATED, WHITE UNDER-EYE SWOOSH NYMPH"
7/5/2022,EARLY,S,1,B,CYR,APTENOPEDES,SPHENARIOIDES,U,N,Y,1,RAGBMS,
7/5/2022,EARLY,S,1,A,GOM,AMBLYTROPIDIA,MYSTECA,U,N,Y,1,RFSPSN,
7/5/2022,EARLY,S,1,B,GOM,AMBLYTROPIDIA,MYSTECA,U,N,Y,2,RFSPSN,
7/5/2022,EARLY,S,1,C,GOM,AMBLYTROPIDIA,MYSTECA,U,N,Y,4,RFSPSN,
7/5/2022,EARLY,S,1,D,GOM,AMBLYTROPIDIA,MYSTECA,U,N,Y,1,RFSPSN,
7/5/2022,EARLY,S,1,B,CYR,SCHISTOCERCA,NA,U,N,N,1,SCHGAA,
7/5/2022,EARLY,S,1,C,CYR,SCHISTOCERCA,NA,U,N,N,1,SCHGAA,
7/5/2022,EARLY,S,1,B,GOM,ERITETTIX,OBSCURUS,U,N,Y,1,SWBPPG,
7/5/2022,EARLY,S,1,D,GOM,ERITETTIX,OBSCURUS,U,N,Y,2,SWBPPG,
7/5/2022,EARLY,S,1,B,GOM,NA,NA,U,N,N,1,TBAWSN,
7/5/2022,EARLY,S,1,A,GOM,ERITETTIX,OBSCURUS,U,N,Y,3,TYDSSA,
7/5/2022,EARLY,S,1,B,GOM,ERITETTIX,OBSCURUS,U,N,Y,1,TYDSSA,
7/5/2022,EARLY,S,1,D,GOM,ERITETTIX,OBSCURUS,U,N,Y,1,TYDSSA,
7/5/2022,EARLY,S,1,A,GOM,ACHURUM,CARINATUM,U,N,Y,1,,
7/5/2022,EARLY,S,1,A,CYR,MELANOPLUS,ROTUNDIPENNIS,M,A,Y,1,,
7/5/2022,EARLY,S,1,A,OED,NA,NA,U,A,N,2,,2 BWG
7/5/2022,EARLY,S,1,B,GOM,SYRBULA,ADMIRABILIS,U,N,Y,1,,
7/5/2022,EARLY,S,1,C,CYR,APTENOPEDES,SPHENARIOIDES,F,A,Y,1,,
7/5/2022,EARLY,S,1,C,GRY,NA,NA,U,U,N,1,,
7/5/2022,EARLY,S,1,C,GOM,SYRBULA,ADMIRABILIS,U,N,Y,1,,
7/5/2022,EARLY,S,1,D,GOM,DICHROMORPHA,VIRIDIS,F,A,Y,1,,
7/5/2022,EARLY,S,1,D,CYR,MELANOPLUS,ROTUNDIPENNIS,F,A,Y,1,,
7/5/2022,EARLY,S,1,D,GRY,NA,NA,U,U,N,1,,
7/5/2022,EARLY,S,11,C,CYR,MELANOPLUS,KEELERI,U,N,Y,2,BLGBLM,
7/5/2022,EARLY,S,11,D,CYR,MELANOPLUS,KEELERI,U,N,Y,2,BLGBLM,
7/5/2022,EARLY,S,11,A,CYR,MELANOPLUS,KEELERI,U,N,Y,1,BROWN BLGBLM,
7/5/2022,EARLY,S,11,A,TET,ODONTOXIPHIDIUM,APTERUM,U,N,Y,4,BWDSPC,
7/5/2022,EARLY,S,11,B,TET,ODONTOXIPHIDIUM,APTERUM,U,N,Y,1,BWDSPC,
7/5/2022,EARLY,S,11,C,TET,ODONTOXIPHIDIUM,APTERUM,U,N,Y,5,BWDSPC,
7/5/2022,EARLY,S,11,D,TET,ODONTOXIPHIDIUM,APTERUM,U,N,Y,1,BWDSPC,
7/5/2022,EARLY,S,11,C,GOM,NA,NA,U,N,N,1,DBTDSN,
7/5/2022,EARLY,S,11,A,GOM,SCHISTOCERCA,DAMNIFICA,U,N,Y,3,GBTEYA,
7/5/2022,EARLY,S,11,A,CYR,APTENOPEDES,SPHENARIOIDES,U,N,Y,1,RAGBMS,
7/5/2022,EARLY,S,11,B,CYR,APTENOPEDES,SPHENARIOIDES,U,N,Y,1,RAGBMS,
7/5/2022,EARLY,S,11,D,CYR,APTENOPEDES,SPHENARIOIDES,U,N,Y,3,RAGBMS,
7/5/2022,EARLY,S,11,D,GOM,NA,NA,U,N,N,1,TBAWSN,
7/5/2022,EARLY,S,11,C,CYR,APTENOPEDES,SPHENARIOIDES,U,N,Y,1,TWASEG,
7/5/2022,EARLY,S,11,A,CYR,SCHISTOCERCA,NA,U,N,N,2,,2 SCHI
7/5/2022,EARLY,S,11,C,GOM,ACHURUM,CARINATUM,U,N,Y,1,,
7/5/2022,EARLY,S,11,C,GRY,NA,NA,U,U,N,1,,
7/5/2022,EARLY,S,12,C,CYR,MELANOPLUS,KEELERI,U,N,Y,2,BROWN BLGBLM,
7/5/2022,EARLY,S,12,D,CYR,MELANOPLUS,KEELERI,U,N,Y,1,BROWN BLGBLM,
7/5/2022,EARLY,S,12,A,TET,ODONTOXIPHIDIUM,APTERUM,U,N,Y,9,BWDSPC,
7/5/2022,EARLY,S,12,B,TET,ODONTOXIPHIDIUM,APTERUM,U,N,Y,1,BWDSPC,
7/5/2022,EARLY,S,12,C,TET,ODONTOXIPHIDIUM,APTERUM,U,N,Y,11,BWDSPC,
7/5/2022,EARLY,S,12,D,TET,ODONTOXIPHIDIUM,APTERUM,U,N,Y,4,BWDSPC,
7/5/2022,EARLY,S,12,A,GOM,NA,NA,U,N,N,1,DBTDSN,
7/5/2022,EARLY,S,12,C,GOM,AMBLYTROPIDIA,MYSTECA,U,N,Y,1,EDVAMN,EITHER D. VIRIDIS OR A. MYSTECA NYMPH
7/5/2022,EARLY,S,12,B,GOM,SCHISTOCERCA,DAMNIFICA,U,N,Y,1,GBTEYA,
7/5/2022,EARLY,S,12,D,GOM,SCHISTOCERCA,DAMNIFICA,U,N,Y,1,GBTEYA,
7/5/2022,EARLY,S,12,C,TET,BELOCEPHALUS,SUBAPTERUS,U,N,Y,1,PGTETN,
7/5/2022,EARLY,S,12,C,CYR,APTENOPEDES,SPHENARIOIDES,U,N,Y,2,RAGBMS,
7/5/2022,EARLY,S,12,A,GOM,AMBLYTROPIDIA,MYSTECA,U,N,Y,1,RFSPSN,
7/5/2022,EARLY,S,12,B,GOM,AMBLYTROPIDIA,MYSTECA,U,N,Y,1,RFSPSN,
7/5/2022,EARLY,S,12,C,GOM,AMBLYTROPIDIA,MYSTECA,U,N,Y,1,RFSPSN,
7/5/2022,EARLY,S,12,D,GOM,AMBLYTROPIDIA,MYSTECA,U,N,Y,3,RFSPSN,
7/5/2022,EARLY,S,12,C,CYR,SCHISTOCERCA,NA,U,N,N,3,SCHGAA,
7/5/2022,EARLY,S,12,B,GOM,ERITETTIX,OBSCURUS,U,N,Y,1,TYDSSA,
7/5/2022,EARLY,S,12,C,GOM,ERITETTIX,OBSCURUS,U,N,Y,1,TYDSSA,
7/5/2022,EARLY,S,12,D,GOM,ERITETTIX,OBSCURUS,U,N,Y,2,TYDSSA,
7/5/2022,EARLY,S,12,B,CYR,MELANOPLUS,ROTUNDIPENNIS,F,A,Y,1,,
7/5/2022,EARLY,S,12,B,CYR,MELANOPLUS,ROTUNDIPENNIS,M,A,Y,1,,
7/5/2022,EARLY,S,12,B,GOM,NA,NA,U,N,N,1,,MAYBE D. VIRIDIS
7/5/2022,EARLY,S,12,C,CYR,MELANOPLUS,ROTUNDIPENNIS,M,A,Y,1,,
7/5/2022,EARLY,S,12,D,GOM,MERMIRIA,NA,U,N,N,1,,
7/5/2022,EARLY,S,13,C,TET,ODONTOXIPHIDIUM,APTERUM,U,N,Y,1,BWDSPC,
7/5/2022,EARLY,S,13,D,TET,ODONTOXIPHIDIUM,APTERUM,U,N,Y,1,BWDSPC,
7/5/2022,EARLY,S,13,B,GOM,NA,NA,U,N,N,3,DBTDSN,
7/5/2022,EARLY,S,13,A,GOM,AMBLYTROPIDIA,MYSTECA,U,N,Y,1,EDVAMN,
7/5/2022,EARLY,S,13,C,CYR,APTENOPEDES,SPHENARIOIDES,U,N,Y,1,RAGBMS,
7/5/2022,EARLY,S,13,B,GOM,AMBLYTROPIDIA,MYSTECA,U,N,Y,1,RFSPSN,
7/5/2022,EARLY,S,13,C,GOM,NA,NA,U,N,N,2,TBAWSN,
7/5/2022,EARLY,S,13,D,CYR,APTENOPEDES,SPHENARIOIDES,U,N,Y,1,,
7/5/2022,EARLY,S,14,B,TET,ODONTOXIPHIDIUM,APTERUM,U,N,Y,1,BWDSPC,
7/5/2022,EARLY,S,14,C,TET,ODONTOXIPHIDIUM,APTERUM,U,N,Y,2,BWDSPC,
7/5/2022,EARLY,S,14,B,TET,ODONTOXIPHIDIUM,APTERUM,U,N,Y,1,RBDSTN,
7/5/2022,EARLY,S,14,B,GOM,AMBLYTROPIDIA,MYSTECA,U,N,Y,1,RFSPSN,
7/5/2022,EARLY,S,14,B,GOM,NA,NA,U,N,N,2,TBAWSN,
7/5/2022,EARLY,S,14,D,CYR,APTENOPEDES,SPHENARIOIDES,U,N,Y,1,TWASEG,
7/5/2022,EARLY,S,14,A,NA,NA,NA,U,U,N,0,,NO GRASSHOPPERS
7/5/2022,EARLY,S,14,B,GOM,ACHURUM,CARINATUM,M,A,Y,1,,
7/5/2022,EARLY,S,14,D,GOM,ACHURUM,CARINATUM,U,N,Y,2,,
7/5/2022,EARLY,S,14,D,GOM,ERITETTIX,OBSCURUS,F,A,Y,1,,
6-Jul-22,EARLY,S,2,C,CYR,SCHISTOCERCA,AMERICANA,U,N,Y,4,BEASLN,BLACK EYE AND ANTENNAE W/ SPOTTED LEGS NYMPH
7/6/2022,EARLY,S,2,D,CYR,SCHISTOCERCA,AMERICANA,U,N,Y,6,BEASLN,
7/6/2022,EARLY,S,2,D,CYR,MELANOPLUS,KEELERI,U,N,Y,2,BLGBLM,
7/6/2022,EARLY,S,2,A,TET,ODONTOXIPHIDIUM,APTERUM,U,N,Y,4,BWDSPC,
6-Jul-22,EARLY,S,2,B,TET,ODONTOXIPHIDIUM,APTERUM,M,A,Y,1,BWDSPC,
6-Jul-22,EARLY,S,2,B,TET,ODONTOXIPHIDIUM,APTERUM,U,N,Y,2,BWDSPC,
7/6/2022,EARLY,S,2,D,TET,ODONTOXIPHIDIUM,APTERUM,U,N,Y,2,BWDSPC,
6-Jul-22,EARLY,S,2,B,GOM,NA,NA,U,N,N,1,DBTDSN,
6-Jul-22,EARLY,S,2,C,GOM,NA,NA,U,N,N,1,DBTDSN,
7/6/2022,EARLY,S,2,A,CYR,SCHISTOCERCA,DAMNIFICA,U,N,Y,1,GBTEYA,
6-Jul-22,EARLY,S,2,C,TET,BELOCEPHALUS,SUBAPTERUS,U,N,Y,1,PGTETN,
6-Jul-22,EARLY,S,2,B,CYR,APTENOPEDES,SPHENARIOIDES,U,N,Y,3,RAGBMS,
6-Jul-22,EARLY,S,2,C,CYR,APTENOPEDES,SPHENARIOIDES,U,N,Y,5,RAGBMS,
7/6/2022,EARLY,S,2,A,GOM,AMBLYTROPIDIA,MYSTECA,U,N,Y,2,RFSPSN,
6-Jul-22,EARLY,S,2,C,GOM,AMBLYTROPIDIA,MYSTECA,U,N,Y,2,RFSPSN,
7/6/2022,EARLY,S,2,D,GOM,AMBLYTROPIDIA,MYSTECA,U,N,Y,2,RFSPSN,
7/6/2022,EARLY,S,2,A,CYR,APTENOPEDES,SPHENARIOIDES,U,N,Y,1,TWASEG,
7/6/2022,EARLY,S,2,A,GOM,ERITETTIX,OBSCURUS,U,N,Y,1,TYDSSA,
7/6/2022,EARLY,S,2,A,GOM,ERITETTIX,OBSCURUS,U,N,Y,1,TYDSSA,
6-Jul-22,EARLY,S,2,B,GOM,ERITETTIX,OBSCURUS,U,N,Y,1,TYDSSA,
7/6/2022,EARLY,S,2,A,CYR,APTENOPEDES,SPHENARIOIDES,F,A,Y,1,,
7/6/2022,EARLY,S,2,A,CYR,MELANOPLUS,ROTUNDIPENNIS,M,A,Y,2,,
7/6/2022,EARLY,S,2,A,GOM,SYRBULA,ADMIRABILIS,M,A,Y,1,,
6-Jul-22,EARLY,S,2,B,GOM,DICHROMORPHA,VIRIDIS,F,A,Y,1,,
6-Jul-22,EARLY,S,2,B,CYR,MELANOPLUS,ROTUNDIPENNIS,F,A,Y,1,,
6-Jul-22,EARLY,S,2,B,OED,PARDALOPHORA,PHOENICOPTERA,U,A,Y,2,,
6-Jul-22,EARLY,S,2,B,CYR,SCHISTOCERCA,AMERICANA,U,A,Y,1,,
6-Jul-22,EARLY,S,2,C,GOM,ACHURUM,CARINATUM,U,N,Y,1,,
6-Jul-22,EARLY,S,2,C,GOM,SYRBULA,ADMIRABILIS,U,A,Y,1,,
7/6/2022,EARLY,S,2,D,GOM,ACHURUM,CARINATUM,U,N,Y,1,,
7/6/2022,EARLY,S,2,D,OED,NA,NA,U,A,N,1,,1 BWG
7/6/2022,EARLY,S,2,D,CYR,SCHISTOCERCA,AMERICANA,U,A,Y,1,,
7/6/2022,EARLY,S,3,C,CYR,SCHISTOCERCA,AMERICANA,U,N,Y,1,BEASLN,
7/6/2022,EARLY,S,3,D,CYR,SCHISTOCERCA,AMERICANA,U,N,Y,1,BEASLN,
7/6/2022,EARLY,S,3,A,CYR,MELANOPLUS,KEELERI,U,N,Y,2,BLGBLM,
7/6/2022,EARLY,S,3,D,CYR,MELANOPLUS,KEELERI,U,N,Y,1,BLGBLM,
7/6/2022,EARLY,S,3,A,TET,ODONTOXIPHIDIUM,APTERUM,U,N,Y,5,BWDSPC,
6-Jul-22,EARLY,S,3,B,TET,ODONTOXIPHIDIUM,APTERUM,M,A,Y,2,BWDSPC,
6-Jul-22,EARLY,S,3,B,TET,ODONTOXIPHIDIUM,APTERUM,U,N,Y,3,BWDSPC,
7/6/2022,EARLY,S,3,C,TET,ODONTOXIPHIDIUM,APTERUM,U,N,Y,1,BWDSPC,
7/6/2022,EARLY,S,3,D,TET,ODONTOXIPHIDIUM,APTERUM,U,N,Y,3,BWDSPC,
7/6/2022,EARLY,S,3,A,CYR,SCHISTOCERCA,DAMNIFICA,U,N,Y,1,GBTEYA,
7/6/2022,EARLY,S,3,C,CYR,SCHISTOCERCA,DAMNIFICA,U,N,Y,3,GBTEYA,
7/6/2022,EARLY,S,3,D,CYR,SCHISTOCERCA,DAMNIFICA,U,N,Y,1,GBTEYA,
7/6/2022,EARLY,S,3,A,CYR,APTENOPEDES,SPHENARIOIDES,U,N,Y,1,RAGBMS,
6-Jul-22,EARLY,S,3,B,CYR,APTENOPEDES,SPHENARIOIDES,U,N,Y,1,RAGBMS,
7/6/2022,EARLY,S,3,C,CYR,APTENOPEDES,SPHENARIOIDES,U,N,Y,2,RAGBMS,
7/6/2022,EARLY,S,3,D,CYR,APTENOPEDES,SPHENARIOIDES,U,N,Y,1,RAGBMS,
7/6/2022,EARLY,S,3,D,TET,ODONTOXIPHIDIUM,APTERUM,U,N,Y,1,RBDSTN,
6-Jul-22,EARLY,S,3,B,GOM,AMBLYTROPIDIA,MYSTECA,U,N,Y,1,RFSPSN,
7/6/2022,EARLY,S,3,C,GOM,AMBLYTROPIDIA,MYSTECA,U,N,Y,3,RFSPSN,
7/6/2022,EARLY,S,3,A,GOM,SYRBULA,ADMIRABILIS,U,N,Y,1,TDSGBG,
7/6/2022,EARLY,S,3,A,CYR,APTENOPEDES,SPHENARIOIDES,U,N,Y,2,TWASEG,
7/6/2022,EARLY,S,3,A,GOM,ERITETTIX,OBSCURUS,U,N,Y,1,TYDSSA,
7/6/2022,EARLY,S,3,C,GOM,ERITETTIX,OBSCURUS,U,N,Y,2,TYDSSA,
7/6/2022,EARLY,S,3,A,GOM,ACHURUM,CARINATUM,U,N,Y,1,,
7/6/2022,EARLY,S,3,A,CYR,MELANOPLUS,ROTUNDIPENNIS,F,A,Y,1,,
7/6/2022,EARLY,S,3,A,GOM,SYRBULA,ADMIRABILIS,M,A,Y,1,,
6-Jul-22,EARLY,S,3,B,GOM,ACHURUM,CARINATUM,M,A,Y,1,,
6-Jul-22,EARLY,S,3,B,GOM,ACHURUM,CARINATUM,F,A,Y,1,,
6-Jul-22,EARLY,S,3,B,GOM,DICHROMORPHA,VIRIDIS,M,A,Y,1,,
6-Jul-22,EARLY,S,3,B,CYR,MELANOPLUS,ROTUNDIPENNIS,M,A,Y,2,,
6-Jul-22,EARLY,S,3,B,OED,PARDALOPHORA,PHOENICOPTERA,M,A,Y,1,,
6-Jul-22,EARLY,S,3,B,GOM,SYRBULA,ADMIRABILIS,U,N,Y,1,,
7/6/2022,EARLY,S,3,C,GOM,ACHURUM,CARINATUM,F,A,Y,1,,
7/6/2022,EARLY,S,3,C,CYR,MELANOPLUS,ROTUNDIPENNIS,M,A,Y,1,,
7/6/2022,EARLY,S,3,C,CYR,MELANOPLUS,ROTUNDIPENNIS,F,A,Y,1,,
7/6/2022,EARLY,S,3,C,GOM,NA,NA,U,N,N,1,,UNKNOWN
7/6/2022,EARLY,S,3,C,GRY,NA,NA,U,U,N,1,,
7/6/2022,EARLY,S,3,D,GOM,DICHROMORPHA,VIRIDIS,F,A,Y,1,,
7/6/2022,EARLY,S,3,D,CYR,MELANOPLUS,ROTUNDIPENNIS,F,A,Y,1,,
7/6/2022,EARLY,S,3,D,CYR,MELANOPLUS,ROTUNDIPENNIS,M,A,Y,2,,
7/6/2022,EARLY,S,3,D,GOM,SYRBULA,ADMIRABILIS,F,A,Y,1,,
7/6/2022,EARLY,S,10,B,TET,ODONTOXIPHIDIUM,APTERUM,U,N,Y,1,BWDSPC,
7/6/2022,EARLY,S,10,C,TET,ODONTOXIPHIDIUM,APTERUM,U,N,Y,1,BWDSPC,
7/6/2022,EARLY,S,10,D,TET,ODONTOXIPHIDIUM,APTERUM,U,N,Y,1,BWDSPC,
7/6/2022,EARLY,S,10,A,GOM,NA,NA,U,N,N,1,DBTDSN,
7/6/2022,EARLY,S,10,C,TET,ODONTOXIPHIDIUM,APTERUM,U,N,Y,1,RBDSTN,
7/6/2022,EARLY,S,10,C,GOM,AMBLYTROPIDIA,MYSTECA,U,N,Y,1,RFSPSN,
7/6/2022,EARLY,S,10,C,GOM,ERITETTIX,OBSCURUS,U,N,Y,3,TYDSSA,
7/6/2022,EARLY,S,10,D,GOM,ERITETTIX,OBSCURUS,U,N,Y,2,TYDSSA,
7/6/2022,EARLY,S,10,A,GOM,ACHURUM,CARINATUM,M,A,Y,1,,
7/6/2022,EARLY,S,10,A,GOM,MERMIRIA,PICTA,M,A,Y,1,,
7/6/2022,EARLY,S,10,B,OED,NA,NA,U,A,N,2,,2 BWG
7/6/2022,EARLY,S,10,C,GOM,ACHURUM,CARINATUM,U,N,Y,1,,
7/6/2022,EARLY,S,10,D,OED,PARDALOPHORA,PHOENICOPTERA,M,A,Y,1,,
7/6/2022,EARLY,S,15,A,CYR,MELANOPLUS,KEELERI,U,N,Y,1,BLGBLM,
7/6/2022,EARLY,S,15,B,TET,ODONTOXIPHIDIUM,APTERUM,U,N,Y,1,BWDSPC,
7/6/2022,EARLY,S,15,B,TET,NA,NA,U,N,N,1,BWDSPC W/ RED LEGS,
7/6/2022,EARLY,S,15,C,GOM,NA,NA,U,N,N,3,DBTDSN,
7/6/2022,EARLY,S,15,B,GOM,SCHISTOCERCA,DAMNIFICA,U,N,Y,1,GBTEYA,
7/6/2022,EARLY,S,15,A,CYR,APTENOPEDES,SPHENARIOIDES,U,N,Y,1,RAGBMS,
7/6/2022,EARLY,S,15,A,CYR,APTENOPEDES,SPHENARIOIDES,U,N,Y,1,TWASEG,
7/6/2022,EARLY,S,15,C,CYR,APTENOPEDES,SPHENARIOIDES,U,N,Y,2,TWASEG,
7/6/2022,EARLY,S,15,C,GOM,ERITETTIX,OBSCURUS,U,N,Y,1,TYDSSA,
7/6/2022,EARLY,S,15,C,GOM,ACHURUM,CARINATUM,U,N,Y,1,,
7/6/2022,EARLY,S,15,C,GRY,NA,NA,U,U,N,1,,
7/6/2022,EARLY,S,15,D,GOM,ACHURUM,CARINATUM,U,N,Y,2,,
7/6/2022,EARLY,S,18,A,CYR,MELANOPLUS,KEELERI,U,N,Y,1,BLGBLM,
7/6/2022,EARLY,S,18,B,CYR,MELANOPLUS,KEELERI,U,N,Y,3,BLGBLM,
7/6/2022,EARLY,S,18,A,CYR,MELANOPLUS,KEELERI,U,N,Y,2,BROWN BLGBLM,
7/6/2022,EARLY,S,18,B,TET,ODONTOXIPHIDIUM,APTERUM,U,N,Y,5,BWDSPC,
7/6/2022,EARLY,S,18,C,TET,ODONTOXIPHIDIUM,APTERUM,U,N,Y,1,BWDSPC,
7/6/2022,EARLY,S,18,D,TET,ODONTOXIPHIDIUM,APTERUM,U,N,Y,2,BWDSPC,
7/6/2022,EARLY,S,18,A,CYR,SCHISTOCERCA,DAMNIFICA,U,N,Y,1,GBTEYA,
7/6/2022,EARLY,S,18,C,CYR,SCHISTOCERCA,DAMNIFICA,U,N,Y,2,GBTEYA,
7/6/2022,EARLY,S,18,D,CYR,SCHISTOCERCA,DAMNIFICA,U,N,Y,1,GBTEYA,
7/6/2022,EARLY,S,18,A,CYR,APTENOPEDES,SPHENARIOIDES,U,N,Y,2,RAGBMS,
7/6/2022,EARLY,S,18,B,CYR,APTENOPEDES,SPHENARIOIDES,U,N,Y,4,RAGBMS,
7/6/2022,EARLY,S,18,C,CYR,APTENOPEDES,SPHENARIOIDES,U,N,Y,8,RAGBMS,
7/6/2022,EARLY,S,18,D,CYR,APTENOPEDES,SPHENARIOIDES,U,N,Y,3,RAGBMS,
7/6/2022,EARLY,S,18,D,TET,ODONTOXIPHIDIUM,APTERUM,U,N,Y,1,RBDSTN,
7/6/2022,EARLY,S,18,A,GOM,AMBLYTROPIDIA,MYSTECA,U,N,Y,3,RFSPSN,
7/6/2022,EARLY,S,18,B,GOM,AMBLYTROPIDIA,MYSTECA,U,N,Y,14,RFSPSN,
7/6/2022,EARLY,S,18,C,GOM,AMBLYTROPIDIA,MYSTECA,U,N,Y,5,RFSPSN,
7/6/2022,EARLY,S,18,D,GOM,AMBLYTROPIDIA,MYSTECA,U,N,Y,3,RFSPSN,
7/6/2022,EARLY,S,18,C,CYR,MELANOPLUS,ROTUNDIPENNIS,U,N,Y,1,STEBTM,
7/6/2022,EARLY,S,18,A,CYR,APTENOPEDES,SPHENARIOIDES,U,N,Y,2,TWASEG,
7/6/2022,EARLY,S,18,A,GRY,NA,NA,U,U,N,1,,
7/6/2022,EARLY,S,18,B,GOM,DICHROMORPHA,VIRIDIS,U,N,Y,1,,
7/6/2022,EARLY,S,18,B,CYR,MELANOPLUS,ROTUNDIPENNIS,M,A,Y,1,,
7/6/2022,EARLY,S,18,B,GOM,SYRBULA,ADMIRABILIS,U,N,Y,1,,
7/6/2022,EARLY,S,18,D,GRY,NA,NA,U,U,N,3,,
7/7/2022,EARLY,S,4,B,GOM,NA,NA,U,N,N,1,DBTDSN,
7/7/2022,EARLY,S,4,C,TET,BELOCEPHALUS,SUBAPTERUS,U,N,Y,1,PGTETN,
7/7/2022,EARLY,S,4,B,TET,BELOCEPHALUS,SUBAPTERUS,U,N,Y,1,PGTETN,
7/7/2022,EARLY,S,4,D,TET,BELOCEPHALUS,SUBAPTERUS,U,N,Y,1,PGTETN,
7/7/2022,EARLY,S,4,C,GOM,ERITETTIX,OBSCURUS,U,N,Y,1,,
7/7/2022,EARLY,S,4,C,TET,ODONTOXIPHIDIUM,APTERUM,U,N,Y,3,,
7/7/2022,EARLY,S,4,C,CYR,SCHISTOCERCA,DAMNIFICA,U,N,Y,1,,
7/7/2022,EARLY,S,4,C,CYR,APTENOPEDES,SPHENARIOIDES,U,N,Y,2,,
7/7/2022,EARLY,S,4,C,CYR,MELANOPLUS,ROTUNDIPENNIS,M,A,Y,1,,
7/7/2022,EARLY,S,4,C,GOM,SYRBULA,ADMIRABILIS,M,A,Y,1,,
7/7/2022,EARLY,S,4,B,GOM,MERMIRIA,PICTA,U,N,Y,1,,
7/7/2022,EARLY,S,4,B,GOM,SYRBULA,ADMIRABILIS,M,A,Y,2,,
7/7/2022,EARLY,S,4,B,GOM,ORPHULELLA,PELIDNA,U,N,Y,2,,
7/7/2022,EARLY,S,4,B,GOM,AMBLYTROPIDIA,MYSTECA,U,N,Y,1,,
7/7/2022,EARLY,S,4,B,GOM,ERITETTIX,OBSCURUS,U,N,Y,1,,
7/7/2022,EARLY,S,4,A,TET,ODONTOXIPHIDIUM,APTERUM,U,N,Y,7,,
7/7/2022,EARLY,S,4,A,GOM,ERITETTIX,OBSCURUS,U,N,Y,2,,
7/7/2022,EARLY,S,4,A,CYR,APTENOPEDES,SPHENARIOIDES,U,N,Y,2,,
7/7/2022,EARLY,S,4,A,GOM,AMBLYTROPIDIA,MYSTECA,U,N,Y,1,,
7/7/2022,EARLY,S,4,A,CYR,MELANOPLUS,ROTUNDIPENNIS,M,A,Y,1,,
7/7/2022,EARLY,S,4,A,CYR,MELANOPLUS,ROTUNDIPENNIS,U,N,Y,1,,
7/7/2022,EARLY,S,4,A,CYR,MELANOPLUS,KEELERI,U,N,Y,2,,
7/7/2022,EARLY,S,4,D,TET,ODONTOXIPHIDIUM,APTERUM,F,A,Y,1,,
7/7/2022,EARLY,S,4,D,TET,ODONTOXIPHIDIUM,APTERUM,F,N,Y,2,,
7/7/2022,EARLY,S,4,D,GRY,NA,NA,U,U,N,1,,
7/7/2022,EARLY,S,4,D,CYR,APTENOPEDES,SPHENARIOIDES,U,N,Y,2,,
7/7/2022,EARLY,S,4,D,GOM,AMBLYTROPIDIA,MYSTECA,U,N,Y,3,,
7/7/2022,EARLY,S,5,C,GOM,NA,NA,U,N,N,2,DBTDSN,
7/7/2022,EARLY,S,5,D,TET,BELOCEPHALUS,SUBAPTERUS,U,N,Y,1,PGTETN,
7/7/2022,EARLY,S,5,A,GOM,BELOCEPHALUS,SUBAPTERUS,U,N,Y,1,PTBMDV,"PINKISH, TAN BODY MAYBE D. VIRIDIS"
7/7/2022,EARLY,S,5,C,TET,ODONTOXIPHIDIUM,APTERUM,U,N,Y,5,,
7/7/2022,EARLY,S,5,C,TET,ODONTOXIPHIDIUM,APTERUM,F,A,Y,1,,
7/7/2022,EARLY,S,5,C,GOM,ERITETTIX,OBSCURUS,U,N,Y,1,,
7/7/2022,EARLY,S,5,C,GOM,AMBLYTROPIDIA,MYSTECA,U,N,Y,3,,
7/7/2022,EARLY,S,5,C,GOM,ACHURUM,CARINATUM,M,A,Y,4,,
7/7/2022,EARLY,S,5,C,OED,PARDALOPHORA,PHOENICOPTERA,U,A,Y,1,,1 PAPH
7/7/2022,EARLY,S,5,D,OED,PARDALOPHORA,PHOENICOPTERA,M,A,Y,1,,
7/7/2022,EARLY,S,5,D,GOM,ACHURUM,CARINATUM,F,A,Y,1,,
7/7/2022,EARLY,S,5,D,GOM,ACHURUM,CARINATUM,U,N,Y,1,,
7/7/2022,EARLY,S,5,D,CYR,SCHISTOCERCA,DAMNIFICA,U,N,Y,1,,
7/7/2022,EARLY,S,5,D,TET,ODONTOXIPHIDIUM,APTERUM,U,N,Y,6,,
7/7/2022,EARLY,S,5,D,CYR,APTENOPEDES,SPHENARIOIDES,U,N,Y,6,,
7/7/2022,EARLY,S,5,D,GOM,ERITETTIX,OBSCURUS,U,N,Y,1,,
7/7/2022,EARLY,S,5,D,GOM,AMBLYTROPIDIA,MYSTECA,U,N,Y,3,,
7/7/2022,EARLY,S,5,D,CYR,APTENOPEDES,SPHENARIOIDES,M,A,Y,1,,
7/7/2022,EARLY,S,5,A,CYR,APTENOPEDES,SPHENARIOIDES,M,A,Y,1,,
7/7/2022,EARLY,S,5,A,CYR,SCHISTOCERCA,DAMNIFICA,U,N,Y,2,,
7/7/2022,EARLY,S,5,A,CYR,SCHISTOCERCA,AMERICANA,U,N,Y,1,,
7/7/2022,EARLY,S,5,A,CYR,MELANOPLUS,KEELERI,U,N,Y,1,,
7/7/2022,EARLY,S,5,A,GOM,AMBLYTROPIDIA,MYSTECA,U,N,Y,4,,
7/7/2022,EARLY,S,5,A,TET,ODONTOXIPHIDIUM,APTERUM,F,N,Y,1,,
7/7/2022,EARLY,S,5,A,TET,ODONTOXIPHIDIUM,APTERUM,U,N,Y,3,,
7/7/2022,EARLY,S,5,A,GRY,NA,NA,U,U,N,1,,
7/7/2022,EARLY,S,5,B,GOM,DICHROMORPHA,VIRIDIS,F,A,Y,1,,
7/7/2022,EARLY,S,5,B,GOM,ERITETTIX,OBSCURUS,U,N,Y,5,,
7/7/2022,EARLY,S,5,B,GOM,AMBLYTROPIDIA,MYSTECA,U,N,Y,11,,
7/7/2022,EARLY,S,5,B,GOM,ACHURUM,CARINATUM,M,A,Y,1,,
7/7/2022,EARLY,S,5,B,CYR,APTENOPEDES,SPHENARIOIDES,U,N,Y,7,,
7/7/2022,EARLY,S,5,B,TET,ODONTOXIPHIDIUM,APTERUM,U,N,Y,7,,
7/7/2022,EARLY,S,5,B,GRY,NA,NA,U,U,N,1,,
7/7/2022,EARLY,S,6,B,GRY,NA,NA,U,U,N,1,,
7/7/2022,EARLY,S,6,C,OED,ARPHIA,XANTHOPTERA,U,N,Y,1,,
7/7/2022,EARLY,S,6,C,GOM,SYRBULA,ADMIRABILIS,U,N,Y,1,,
7/7/2022,EARLY,S,6,C,CYR,APTENOPEDES,SPHENARIOIDES,U,N,Y,1,,
7/7/2022,EARLY,S,6,C,GOM,AMBLYTROPIDIA,MYSTECA,U,N,Y,2,,
7/7/2022,EARLY,S,6,C,CYR,MELANOPLUS,ROTUNDIPENNIS,M,A,Y,1,,
7/7/2022,EARLY,S,6,C,CYR,MELANOPLUS,ROTUNDIPENNIS,U,N,Y,1,,
7/7/2022,EARLY,S,6,C,TET,ODONTOXIPHIDIUM,APTERUM,U,N,Y,1,,
7/7/2022,EARLY,S,6,A,TET,ODONTOXIPHIDIUM,APTERUM,U,N,Y,1,,
7/7/2022,EARLY,S,6,D,GRY,NA,NA,U,U,N,1,,
7/7/2022,EARLY,S,22,A,TET,BELOCEPHALUS,SUBAPTERUS,U,N,Y,2,PGTETN,
7/7/2022,EARLY,S,22,D,TET,ODONTOXIPHIDIUM,APTERUM,M,A,Y,1,,
7/7/2022,EARLY,S,22,D,TET,ODONTOXIPHIDIUM,APTERUM,F,A,Y,1,,
7/7/2022,EARLY,S,22,D,CYR,MELANOPLUS,KEELERI,U,N,Y,1,,
7/7/2022,EARLY,S,22,D,CYR,MELANOPLUS,ROTUNDIPENNIS,U,N,Y,2,,
7/7/2022,EARLY,S,22,D,CYR,APTENOPEDES,SPHENARIOIDES,U,N,Y,2,,
7/7/2022,EARLY,S,22,D,CYR,SCHISTOCERCA,DAMNIFICA,U,N,Y,1,,
7/7/2022,EARLY,S,22,B,CYR,MELANOPLUS,ROTUNDIPENNIS,M,A,Y,1,,
7/7/2022,EARLY,S,22,B,CYR,MELANOPLUS,ROTUNDIPENNIS,F,A,Y,1,,
7/7/2022,EARLY,S,22,B,CYR,MELANOPLUS,KEELERI,U,N,Y,1,,
7/7/2022,EARLY,S,22,B,TET,ODONTOXIPHIDIUM,APTERUM,M,A,Y,1,,
7/7/2022,EARLY,S,22,B,TET,ODONTOXIPHIDIUM,APTERUM,U,N,Y,1,,
7/7/2022,EARLY,S,22,B,GOM,AMBLYTROPIDIA,MYSTECA,U,N,Y,1,,
7/7/2022,EARLY,S,22,B,GOM,SYRBULA,ADMIRABILIS,U,N,Y,1,,
7/7/2022,EARLY,S,22,C,TET,ODONTOXIPHIDIUM,APTERUM,F,N,Y,1,,
7/7/2022,EARLY,S,22,C,TET,ODONTOXIPHIDIUM,APTERUM,U,N,Y,2,,
7/7/2022,EARLY,S,22,C,CYR,MELANOPLUS,KEELERI,U,N,Y,2,,
7/7/2022,EARLY,S,22,C,GOM,AMBLYTROPIDIA,MYSTECA,U,N,Y,1,,
7/7/2022,EARLY,S,22,C,CYR,APTENOPEDES,SPHENARIOIDES,U,N,Y,1,,
7/7/2022,EARLY,S,22,A,OED,PARDALOPHORA,PHOENICOPTERA,U,A,Y,1,,1 PAPH
7/7/2022,EARLY,S,22,A,GOM,AMBLYTROPIDIA,MYSTECA,U,N,Y,1,,
7/7/2022,EARLY,S,22,A,CYR,MELANOPLUS,ROTUNDIPENNIS,M,A,Y,1,,
7/7/2022,EARLY,S,23,A,GOM,NA,NA,U,N,N,1,DBTDSN,
7/7/2022,EARLY,S,23,D,TET,BELOCEPHALUS,SUBAPTERUS,U,N,Y,1,PGTETN,
7/7/2022,EARLY,S,23,C,CYR,NA,NA,U,N,Y,1,TBAWSN,
7/7/2022,EARLY,S,23,B,GOM,AMBLYTROPIDIA,MYSTECA,U,N,Y,2,,
7/7/2022,EARLY,S,23,B,CYR,APTENOPEDES,SPHENARIOIDES,U,N,Y,2,,
7/7/2022,EARLY,S,23,B,CYR,MELANOPLUS,KEELERI,U,N,Y,1,,
7/7/2022,EARLY,S,23,B,CYR,MELANOPLUS,ROTUNDIPENNIS,U,N,Y,1,,
7/7/2022,EARLY,S,23,B,TET,ODONTOXIPHIDIUM,APTERUM,U,N,Y,1,,
7/7/2022,EARLY,S,23,B,TET,ODONTOXIPHIDIUM,APTERUM,F,N,Y,1,,
7/7/2022,EARLY,S,23,B,TET,ODONTOXIPHIDIUM,APTERUM,M,A,Y,2,,
7/7/2022,EARLY,S,23,B,GRY,NA,NA,F,U,N,1,,
7/7/2022,EARLY,S,23,A,CYR,MELANOPLUS,KEELERI,U,N,Y,4,,
7/7/2022,EARLY,S,23,A,GOM,ERITETTIX,OBSCURUS,U,N,Y,1,,
7/7/2022,EARLY,S,23,A,CYR,SCHISTOCERCA,AMERICANA,U,N,Y,1,,
7/7/2022,EARLY,S,23,A,TET,ODONTOXIPHIDIUM,APTERUM,F,N,Y,2,,
7/7/2022,EARLY,S,23,A,TET,ODONTOXIPHIDIUM,APTERUM,M,N,Y,2,,
7/7/2022,EARLY,S,23,A,TET,ODONTOXIPHIDIUM,APTERUM,U,N,Y,2,,
7/7/2022,EARLY,S,23,A,CYR,MELANOPLUS,ROTUNDIPENNIS,F,A,Y,2,,
7/7/2022,EARLY,S,23,A,CYR,MELANOPLUS,ROTUNDIPENNIS,M,A,Y,1,,
7/7/2022,EARLY,S,23,A,GOM,AMBLYTROPIDIA,MYSTECA,U,N,Y,1,,
7/7/2022,EARLY,S,23,D,TET,ODONTOXIPHIDIUM,APTERUM,F,A,Y,1,,
7/7/2022,EARLY,S,23,D,TET,ODONTOXIPHIDIUM,APTERUM,F,N,Y,1,,
7/7/2022,EARLY,S,23,D,TET,ODONTOXIPHIDIUM,APTERUM,U,N,Y,5,,
7/7/2022,EARLY,S,23,D,GOM,SYRBULA,ADMIRABILIS,M,A,Y,1,,
7/7/2022,EARLY,S,23,D,GOM,SYRBULA,ADMIRABILIS,U,N,Y,1,,
7/7/2022,EARLY,S,23,D,CYR,APTENOPEDES,SPHENARIOIDES,U,N,Y,1,,
7/7/2022,EARLY,S,23,D,GOM,ERITETTIX,OBSCURUS,U,N,Y,1,,
7/7/2022,EARLY,S,23,D,CYR,MELANOPLUS,ROTUNDIPENNIS,U,N,Y,1,,
7/7/2022,EARLY,S,23,D,CYR,MELANOPLUS,ROTUNDIPENNIS,F,A,Y,1,,
7/7/2022,EARLY,S,23,D,CYR,MELANOPLUS,KEELERI,U,N,Y,1,,
7/7/2022,EARLY,S,23,D,GRY,NA,NA,U,U,N,1,,
7/7/2022,EARLY,S,23,C,CYR,MELANOPLUS,ROTUNDIPENNIS,F,A,Y,1,,
7/7/2022,EARLY,S,23,C,CYR,MELANOPLUS,ROTUNDIPENNIS,M,A,Y,1,,
7/7/2022,EARLY,S,23,C,CYR,MELANOPLUS,KEELERI,U,N,Y,1,,
7/7/2022,EARLY,S,23,C,CYR,APTENOPEDES,SPHENARIOIDES,U,N,Y,8,,
7/7/2022,EARLY,S,23,C,GOM,ERITETTIX,OBSCURUS,U,N,Y,1,,
7/7/2022,EARLY,S,23,C,TET,ODONTOXIPHIDIUM,APTERUM,M,A,Y,1,,
7/7/2022,EARLY,S,23,C,TET,ODONTOXIPHIDIUM,APTERUM,M,N,Y,1,,
7/7/2022,EARLY,S,23,C,TET,ODONTOXIPHIDIUM,APTERUM,U,N,Y,9,,
7/7/2022,EARLY,S,26,B,CYR,SCHISTOCERCA,NA,U,N,N,1,PURSCH,PURPLE SCHISTOCERCA
7/7/2022,EARLY,S,26,A,CYR,APTENOPEDES,SPHENARIOIDES,U,N,Y,1,,
7/7/2022,EARLY,S,26,A,TET,ODONTOXIPHIDIUM,APTERUM,U,N,Y,2,,
7/7/2022,EARLY,S,26,C,GOM,ORPHULELLA,PELIDNA,F,A,Y,1,,
7/7/2022,EARLY,S,26,D,TET,ODONTOXIPHIDIUM,APTERUM,U,N,Y,1,,
7/7/2022,EARLY,S,29,A,GOM,NA,NA,U,N,N,1,DBTDSN,
7/7/2022,EARLY,S,29,D,TET,BELOCEPHALUS,SUBAPTERUS,U,N,Y,1,PGTETN,
7/7/2022,EARLY,S,29,D,CYR,MELANOPLUS,ROTUNDIPENNIS,M,A,Y,2,,
7/7/2022,EARLY,S,29,D,TET,ODONTOXIPHIDIUM,APTERUM,F,A,Y,1,,
7/7/2022,EARLY,S,29,D,TET,ODONTOXIPHIDIUM,APTERUM,M,A,Y,1,,
7/7/2022,EARLY,S,29,D,TET,ODONTOXIPHIDIUM,APTERUM,U,N,Y,1,,
7/7/2022,EARLY,S,29,D,CYR,MELANOPLUS,KEELERI,U,N,Y,1,,
7/7/2022,EARLY,S,29,A,CYR,SCHISTOCERCA,DAMNIFICA,U,N,Y,1,,
7/7/2022,EARLY,S,29,A,CYR,APTENOPEDES,SPHENARIOIDES,U,N,Y,3,,
7/7/2022,EARLY,S,29,A,CYR,SCHISTOCERCA,AMERICANA,U,N,Y,1,,
7/7/2022,EARLY,S,29,A,TET,ODONTOXIPHIDIUM,APTERUM,U,N,Y,1,,
7/7/2022,EARLY,S,29,A,GOM,ERITETTIX,OBSCURUS,M,A,Y,1,,
7/7/2022,EARLY,S,29,A,CYR,MELANOPLUS,ROTUNDIPENNIS,M,A,Y,1,,
7/7/2022,EARLY,S,29,C,GOM,ERITETTIX,OBSCURUS,M,A,Y,1,,
7/7/2022,EARLY,S,29,C,GOM,SYRBULA,ADMIRABILIS,F,A,Y,1,,
7/7/2022,EARLY,S,29,C,TET,ODONTOXIPHIDIUM,APTERUM,F,A,Y,1,,
7/7/2022,EARLY,S,29,C,CYR,APTENOPEDES,SPHENARIOIDES,U,N,Y,2,,
7/7/2022,EARLY,S,29,C,CYR,MELANOPLUS,ROTUNDIPENNIS,M,A,Y,1,,
7/7/2022,EARLY,S,29,C,CYR,MELANOPLUS,KEELERI,U,N,Y,1,,
7/7/2022,EARLY,S,29,B,CYR,APTENOPEDES,SPHENARIOIDES,U,N,Y,7,,
7/7/2022,EARLY,S,29,B,GRY,NA,NA,U,U,N,1,,
7/7/2022,EARLY,S,30,A,GOM,NA,NA,U,N,N,1,DBTDSN,
7/7/2022,EARLY,S,30,D,GOM,NA,NA,U,N,Y,1,DBTDSN,
7/7/2022,EARLY,S,30,A,CYR,NA,NA,U,N,N,1,TBAWSN,
7/7/2022,EARLY,S,30,C,TET,ODONTOXIPHIDIUM,APTERUM,F,A,Y,1,,
7/7/2022,EARLY,S,30,C,TET,ODONTOXIPHIDIUM,APTERUM,U,N,Y,2,,
7/7/2022,EARLY,S,30,C,CYR,APTENOPEDES,SPHENARIOIDES,U,N,Y,6,,
7/7/2022,EARLY,S,30,C,CYR,APTENOPEDES,SPHENARIOIDES,M,A,Y,1,,
7/7/2022,EARLY,S,30,C,CYR,SCHISTOCERCA,AMERICANA,U,N,Y,1,,
7/7/2022,EARLY,S,30,C,CYR,MELANOPLUS,KEELERI,U,N,Y,2,,
7/7/2022,EARLY,S,30,C,GOM,ACHURUM,CARINATUM,M,A,Y,1,,
7/7/2022,EARLY,S,30,C,CYR,SCHISTOCERCA,NA,U,A,N,1,,1 SCHI
7/7/2022,EARLY,S,30,C,OED,NA,NA,U,A,N,2,,2 BWG
7/7/2022,EARLY,S,30,B,GOM,ERITETTIX,OBSCURUS,M,A,Y,1,,
7/7/2022,EARLY,S,30,B,CYR,MELANOPLUS,KEELERI,U,N,Y,3,,
7/7/2022,EARLY,S,30,B,GOM,ORPHULELLA,PELIDNA,U,N,Y,1,,
7/7/2022,EARLY,S,30,B,GOM,AMBLYTROPIDIA,MYSTECA,U,N,Y,1,,
7/7/2022,EARLY,S,30,B,TET,ODONTOXIPHIDIUM,APTERUM,F,N,Y,3,,
7/7/2022,EARLY,S,30,B,TET,ODONTOXIPHIDIUM,APTERUM,U,N,Y,3,,
7/7/2022,EARLY,S,30,B,CYR,APTENOPEDES,SPHENARIOIDES,U,N,Y,9,,
7/7/2022,EARLY,S,30,A,TET,ODONTOXIPHIDIUM,APTERUM,F,A,Y,2,,
7/7/2022,EARLY,S,30,A,TET,ODONTOXIPHIDIUM,APTERUM,M,A,Y,1,,
7/7/2022,EARLY,S,30,A,TET,ODONTOXIPHIDIUM,APTERUM,U,N,Y,5,,
7/7/2022,EARLY,S,30,A,CYR,MELANOPLUS,KEELERI,U,N,Y,2,,
7/7/2022,EARLY,S,30,A,CYR,SCHISTOCERCA,AMERICANA,U,N,Y,1,,
7/7/2022,EARLY,S,30,A,GOM,ORPHULELLA,PELIDNA,U,N,Y,1,,
7/7/2022,EARLY,S,30,A,CYR,MELANOPLUS,ROTUNDIPENNIS,U,N,Y,1,,
7/7/2022,EARLY,S,30,A,GOM,ERITETTIX,OBSCURUS,U,N,Y,1,,
7/7/2022,EARLY,S,30,A,CYR,APTENOPEDES,SPHENARIOIDES,U,N,Y,11,,
7/7/2022,EARLY,S,30,D,GOM,ERITETTIX,OBSCURUS,M,A,Y,1,,
7/7/2022,EARLY,S,30,D,GOM,ACHURUM,CARINATUM,F,A,Y,2,,
7/7/2022,EARLY,S,30,D,CYR,SCHISTOCERCA,DAMNIFICA,U,N,Y,2,,
7/7/2022,EARLY,S,30,D,CYR,APTENOPEDES,SPHENARIOIDES,U,N,Y,4,,
7/7/2022,EARLY,S,30,D,GOM,AMBLYTROPIDIA,MYSTECA,U,N,Y,1,,
7/7/2022,EARLY,S,30,D,CYR,MELANOPLUS,KEELERI,U,N,Y,6,,
7/7/2022,EARLY,S,30,D,TET,ODONTOXIPHIDIUM,APTERUM,M,N,Y,1,,
7/7/2022,EARLY,S,30,D,TET,ODONTOXIPHIDIUM,APTERUM,F,N,Y,3,,
7/7/2022,EARLY,S,30,D,TET,ODONTOXIPHIDIUM,APTERUM,U,N,Y,5,,
7/8/2022,EARLY,S,25,C,CYR,MELANOPLUS,KEELERI,U,N,Y,1,BLGBLM,
7/8/2022,EARLY,S,25,C,GOM,NA,NA,U,N,N,5,BSWPPN,"BROWN, SHORT-WING, PINCHED PRONOTUM NYMPH"
7/8/2022,EARLY,S,25,B,TET,ODONTOXIPHIDIUM,APTERUM,U,N,Y,3,BWDSPC,
7/8/2022,EARLY,S,25,C,TET,ODONTOXIPHIDIUM,APTERUM,U,N,Y,5,BWDSPC,
7/8/2022,EARLY,S,25,B,CYR,APTENOPEDES,SPHENARIOIDES,U,N,Y,1,RAGBMS,
7/8/2022,EARLY,S,25,C,CYR,APTENOPEDES,SPHENARIOIDES,U,N,Y,3,RAGBMS,
7/8/2022,EARLY,S,25,C,TET,ODONTOXIPHIDIUM,APTERUM,U,N,Y,1,RBDSTN,
7/8/2022,EARLY,S,25,C,CYR,MELANOPLUS,ROTUNDIPENNIS,U,N,Y,1,STEBTM,
7/8/2022,EARLY,S,25,C,GOM,MERMIRIA,PICTA,M,A,Y,2,,
7/8/2022,EARLY,S,25,C,GOM,MERMIRIA,PICTA,M,N,Y,1,,
7/8/2022,EARLY,S,25,C,GOM,SYRBULA,ADMIRABILIS,M,A,Y,1,,
7/8/2022,EARLY,S,25,D,GOM,ERITETTIX,OBSCURUS,U,N,Y,2,,
7/8/2022,EARLY,S,25,D,CYR,SCHISTOCERCA,DAMNIFICA,U,N,Y,1,,
7/8/2022,EARLY,S,25,D,TET,ODONTOXIPHIDIUM,APTERUM,F,A,Y,1,,
7/8/2022,EARLY,S,25,A,GOM,ERITETTIX,OBSCURUS,F,A,Y,2,,
7/8/2022,EARLY,S,25,A,GOM,ERITETTIX,OBSCURUS,U,N,Y,1,,
7/8/2022,EARLY,S,25,A,CYR,MELANOPLUS,ROTUNDIPENNIS,U,N,Y,3,,
7/8/2022,EARLY,S,25,A,CYR,APTENOPEDES,SPHENARIOIDES,U,N,Y,2,,
7/8/2022,EARLY,S,25,A,GOM,AMBLYTROPIDIA,MYSTECA,U,N,Y,2,,
7/8/2022,EARLY,S,25,A,CYR,SCHISTOCERCA,DAMNIFICA,U,N,Y,1,,
7/8/2022,EARLY,S,25,A,GOM,ACHURUM,CARINATUM,M,A,Y,1,,
7/12/2022,EARLY,S,8,B,GOM,NA,NA,U,N,N,1,BSWPPN,
7/12/2022,EARLY,S,8,D,GOM,NA,NA,U,N,N,1,BSWPPN,
7/12/2022,EARLY,S,8,A,TET,ODONTOXIPHIDIUM,APTERUM,U,N,Y,2,BWDSPC,
7/12/2022,EARLY,S,8,A,GOM,NA,NA,U,N,N,1,DBTDSN,
7/12/2022,EARLY,S,8,B,GOM,NA,NA,U,N,N,1,DBTDSN,
7/12/2022,EARLY,S,8,C,GOM,NA,NA,U,N,N,2,DBTDSN,
7/12/2022,EARLY,S,8,B,CYR,SCHISTOCERCA,DAMNIFICA,U,N,Y,1,GBTEYA,
7/12/2022,EARLY,S,8,C,CYR,APTENOPEDES,SPHENARIOIDES,U,N,Y,2,RAGBMS,
7/12/2022,EARLY,S,8,A,GOM,ACHURUM,CARINATUM,U,N,Y,2,,
7/12/2022,EARLY,S,8,A,OED,PARDALOPHORA,PHOENICOPTERA,U,A,Y,1,,
7/12/2022,EARLY,S,8,B,CYR,MELANOPLUS,IMPUDICUS,F,A,Y,1,,
7/12/2022,EARLY,S,8,D,OED,ARPHIA,XANTHOPTERA,M,A,Y,2,,
7/12/2022,EARLY,S,8,D,GRY,NA,NA,U,N,N,1,,
7/12/2022,EARLY,S,9,C,CYR,MELANOPLUS,KEELERI,U,N,Y,2,BROWN BLGBLM,
7/12/2022,EARLY,S,9,C,CYR,NA,NA,U,N,N,1,BTBMSD,"BLUE TIBIA, BROWN, MAYBE SCHISTOCERCA DAMNIFICA"
7/12/2022,EARLY,S,9,B,GOM,NA,NA,U,N,N,1,DBTDSN,
7/12/2022,EARLY,S,9,A,CYR,SCHISTOCERCA,DAMNIFICA,U,N,Y,1,GBTEYA,
7/12/2022,EARLY,S,9,D,CYR,SCHISTOCERCA,DAMNIFICA,U,N,Y,2,GBTEYA,
7/12/2022,EARLY,S,9,D,CYR,APTENOPEDES,SPHENARIOIDES,U,N,Y,3,RAGBMS,
7/12/2022,EARLY,S,9,C,TET,ODONTOXIPHIDIUM,APTERUM,F,A,Y,1,RBDSTN,
7/12/2022,EARLY,S,9,A,GOM,ERITETTIX,OBSCURUS,U,N,Y,1,TYDSSA,
7/12/2022,EARLY,S,9,D,GOM,ERITETTIX,OBSCURUS,U,N,Y,1,TYDSSA,
7/12/2022,EARLY,S,9,A,GOM,SYRBULA,ADMIRABILIS,M,A,Y,1,,
7/12/2022,EARLY,S,9,B,CYR,MELANOPLUS,ROTUNDIPENNIS,M,A,Y,1,,
7/12/2022,EARLY,S,9,C,GOM,SYRBULA,ADMIRABILIS,M,A,Y,1,,
7/12/2022,EARLY,S,17,D,OED,ARPHIA,NA,U,N,Y,1,ABWSIF,
7/12/2022,EARLY,S,17,D,GOM,NA,NA,U,N,N,1,BSWPPN,
7/12/2022,EARLY,S,17,B,TET,ODONTOXIPHIDIUM,APTERUM,U,N,Y,1,BWDSPC,
7/12/2022,EARLY,S,17,D,TET,ODONTOXIPHIDIUM,APTERUM,U,N,Y,2,BWDSPC,
7/12/2022,EARLY,S,17,B,GOM,NA,NA,U,N,N,1,DBTDSN,
7/12/2022,EARLY,S,17,C,GOM,NA,NA,U,N,N,1,DBTDSN,
7/12/2022,EARLY,S,17,A,CYR,SCHISTOCERCA,DAMNIFICA,U,N,Y,1,GBTEYA,
7/12/2022,EARLY,S,17,C,CYR,SCHISTOCERCA,DAMNIFICA,U,N,Y,2,GBTEYA,
7/12/2022,EARLY,S,17,D,GOM,SCHISTOCERCA,DAMNIFICA,U,N,Y,2,GBTEYA,
7/12/2022,EARLY,S,17,B,CYR,APTENOPEDES,SPHENARIOIDES,U,N,Y,1,RAGBMS,
7/12/2022,EARLY,S,17,A,GOM,AMBLYTROPIDIA,MYSTECA,U,N,Y,2,RFSPSN,
7/12/2022,EARLY,S,17,B,GOM,AMBLYTROPIDIA,MYSTECA,U,N,Y,1,RFSPSN,
7/12/2022,EARLY,S,17,D,GOM,AMBLYTROPIDIA,MYSTECA,U,N,Y,2,RFSPSN,
7/12/2022,EARLY,S,17,C,CYR,MELANOPLUS,ROTUNDIPENNIS,U,N,Y,2,STEBTM,
7/12/2022,EARLY,S,17,C,GOM,ERITETTIX,OBSCURUS,U,N,Y,1,TYDSSA,
7/12/2022,EARLY,S,17,A,GOM,DICHROMORPHA,VIRIDIS,M,A,Y,1,,
7/12/2022,EARLY,S,17,A,CYR,MELANOPLUS,ROTUNDIPENNIS,M,A,Y,1,,
7/12/2022,EARLY,S,17,A,CYR,MELANOPLUS,ROTUNDIPENNIS,F,A,Y,1,,
7/12/2022,EARLY,S,17,A,GRY,NA,NA,U,U,N,1,,
7/12/2022,EARLY,S,17,A,OED,PARDALOPHORA,PHOENICOPTERA,M,A,Y,2,,
7/12/2022,EARLY,S,17,B,GOM,ERITETTIX,OBSCURUS,U,N,Y,1,,
7/12/2022,EARLY,S,17,D,GRY,NA,NA,U,U,N,1,,
7/12/2022,EARLY,S,17,D,GOM,SYRBULA,ADMIRABILIS,F,A,Y,1,,
7/12/2022,EARLY,S,20,D,CYR,SCHISTOCERCA,AMERICANA,U,N,Y,1,BEASLN,
7/12/2022,EARLY,S,20,A,TET,ODONTOXIPHIDIUM,APTERUM,U,N,Y,2,BWDSPC,
7/12/2022,EARLY,S,20,B,TET,ODONTOXIPHIDIUM,APTERUM,U,N,Y,3,BWDSPC,
7/12/2022,EARLY,S,20,C,TET,ODONTOXIPHIDIUM,APTERUM,U,N,Y,3,BWDSPC,
7/12/2022,EARLY,S,20,D,TET,ODONTOXIPHIDIUM,APTERUM,U,N,Y,5,BWDSPC,
7/12/2022,EARLY,S,20,A,GOM,NA,NA,U,N,N,2,DBTDSN,
7/12/2022,EARLY,S,20,B,GOM,NA,NA,U,N,N,1,DBTDSN,
7/12/2022,EARLY,S,20,A,CYR,SCHISTOCERCA,DAMNIFICA,U,N,Y,2,GBTEYA,
7/12/2022,EARLY,S,20,D,CYR,SCHISTOCERCA,DAMNIFICA,U,N,Y,3,GBTEYA,
7/12/2022,EARLY,S,20,A,CYR,APTENOPEDES,SPHENARIOIDES,U,N,Y,2,RAGBMS,
7/12/2022,EARLY,S,20,A,GOM,AMBLYTROPIDIA,MYSTECA,U,N,Y,1,RFSPSN,
7/12/2022,EARLY,S,20,B,GOM,AMBLYTROPIDIA,MYSTECA,U,N,Y,1,RFSPSN,
7/12/2022,EARLY,S,20,C,GOM,AMBLYTROPIDIA,MYSTECA,U,N,Y,3,RFSPSN,
7/12/2022,EARLY,S,20,D,GOM,AMBLYTROPIDIA,MYSTECA,U,N,Y,1,RFSPSN,
7/12/2022,EARLY,S,20,A,CYR,APTENOPEDES,SPHENARIOIDES,U,N,Y,1,TWASEG,
7/12/2022,EARLY,S,20,B,CYR,APTENOPEDES,SPHENARIOIDES,U,N,Y,1,TWASEG,
7/12/2022,EARLY,S,20,A,GOM,ERITETTIX,OBSCURUS,U,N,Y,1,TYDSSA,
7/12/2022,EARLY,S,20,B,GOM,ERITETTIX,OBSCURUS,U,N,Y,2,TYDSSA,
7/12/2022,EARLY,S,20,C,GOM,ERITETTIX,OBSCURUS,U,N,Y,1,TYDSSA,
7/12/2022,EARLY,S,20,D,GOM,ERITETTIX,OBSCURUS,U,N,Y,2,TYDSSA,
7/12/2022,EARLY,S,20,A,GRY,NA,NA,U,U,N,2,,
7/12/2022,EARLY,S,20,B,GOM,ACHURUM,CARINATUM,F,A,Y,1,,
7/12/2022,EARLY,S,20,B,GOM,ACHURUM,CARINATUM,M,A,Y,1,,
7/12/2022,EARLY,S,20,B,OED,PARDALOPHORA,PHOENICOPTERA,M,A,Y,1,,
7/12/2022,EARLY,S,20,C,GOM,ACHURUM,CARINATUM,U,N,Y,1,,
7/12/2022,EARLY,S,20,C,CYR,MELANOPLUS,ROTUNDIPENNIS,M,A,Y,1,,
7/12/2022,EARLY,S,20,D,GOM,MERMIRIA,PICTA,M,A,Y,1,,
7/12/2022,EARLY,S,20,D,GRY,NA,NA,U,U,N,1,,
7/12/2022,EARLY,S,20,D,CYR,SCHISTOCERCA,DAMNIFICA,M,A,Y,1,,
7/13/2022,EARLY,S,7,D,CYR,APTENOPEDES,SPHENARIOIDES,U,N,Y,1,RAGBMS,
7/13/2022,EARLY,S,7,B,GOM,AMBLYTROPIDIA,MYSTECA,U,N,Y,7,RFSPSN,
7/13/2022,EARLY,S,7,C,GOM,AMBLYTROPIDIA,MYSTECA,U,N,Y,4,RFSPSN,
7/13/2022,EARLY,S,7,D,GOM,AMBLYTROPIDIA,MYSTECA,U,N,Y,9,RFSPSN,
7/13/2022,EARLY,S,7,C,GOM,SYRBULA,ADMIRABILIS,U,N,Y,1,TDSGBG,
7/13/2022,EARLY,S,7,A,CYR,APTENOPEDES,SPHENARIOIDES,U,N,Y,1,TWASEG,
7/13/2022,EARLY,S,7,A,CYR,MELANOPLUS,ROTUNDIPENNIS,F,A,Y,1,,
7/13/2022,EARLY,S,7,B,GOM,AMBLYTROPIDIA,MYSTECA,F,A,Y,1,,
7/13/2022,EARLY,S,7,B,CYR,MELANOPLUS,ROTUNDIPENNIS,M,A,Y,1,,
7/13/2022,EARLY,S,7,B,CYR,MELANOPLUS,ROTUNDIPENNIS,F,A,Y,1,,
7/13/2022,EARLY,S,7,D,CYR,MELANOPLUS,ROTUNDIPENNIS,M,A,Y,1,,
7/13/2022,EARLY,S,16,D,CYR,MELANOPLUS,KEELERI,U,N,Y,1,BLGBLM,
7/13/2022,EARLY,S,16,B,TET,ODONTOXIPHIDIUM,APTERUM,U,N,Y,1,BWDSPC,
7/13/2022,EARLY,S,16,B,TET,BELOCEPHALUS,SUBAPTERUS,U,N,Y,1,PGTETN,
7/13/2022,EARLY,S,16,B,GOM,AMBLYTROPIDIA,MYSTECA,U,N,Y,4,RFSPSN,
7/13/2022,EARLY,S,16,C,GOM,AMBLYTROPIDIA,MYSTECA,U,N,Y,1,RFSPSN,
7/13/2022,EARLY,S,16,D,GOM,AMBLYTROPIDIA,MYSTECA,U,N,Y,5,RFSPSN,
7/13/2022,EARLY,S,16,A,CYR,APTENOPEDES,SPHENARIOIDES,U,N,Y,1,TWASEG,
7/13/2022,EARLY,S,16,B,CYR,APTENOPEDES,SPHENARIOIDES,U,N,Y,1,TWASEG,
7/13/2022,EARLY,S,16,B,GOM,ERITETTIX,OBSCURUS,U,N,Y,1,TYDSSA,
7/13/2022,EARLY,S,16,D,GOM,ERITETTIX,OBSCURUS,U,N,Y,1,TYDSSA,
7/13/2022,EARLY,S,16,A,GOM,ERITETTIX,OBSCURUS,U,A,Y,1,,
7/13/2022,EARLY,S,16,A,CYR,SCHISTOCERCA,DAMNIFICA,U,A,Y,1,,
7/13/2022,EARLY,S,16,C,GOM,ACHURUM,CARINATUM,M,A,Y,1,,
7/13/2022,EARLY,S,19,B,TET,ODONTOXIPHIDIUM,APTERUM,U,N,Y,2,BWDSPC,
7/13/2022,EARLY,S,19,D,GOM,NA,NA,U,N,N,1,DBTDSN,
7/13/2022,EARLY,S,19,B,GOM,AMBLYTROPIDIA,MYSTECA,U,N,Y,1,RFSPSN,
7/13/2022,EARLY,S,19,A,CYR,APTENOPEDES,SPHENARIOIDES,U,N,Y,1,TWASEG,
7/13/2022,EARLY,S,19,D,CYR,APTENOPEDES,SPHENARIOIDES,U,N,Y,1,TWASEG,
7/13/2022,EARLY,S,19,C,GOM,ERITETTIX,OBSCURUS,U,N,Y,1,TYDSSA,
7/13/2022,EARLY,S,19,A,CYR,APTENOPEDES,SPHENARIOIDES,F,A,Y,1,,
7/13/2022,EARLY,S,19,A,CYR,APTENOPEDES,SPHENARIOIDES,M,A,Y,1,,
7/13/2022,EARLY,S,19,A,CYR,MELANOPLUS,ROTUNDIPENNIS,F,A,Y,1,,
7/13/2022,EARLY,S,19,B,OED,ARPHIA,XANTHOPTERA,M,A,Y,1,,
7/13/2022,EARLY,S,19,B,GOM,SYRBULA,ADMIRABILIS,M,A,Y,1,,
7/13/2022,EARLY,S,19,D,GOM,ACHURUM,CARINATUM,M,A,Y,1,,
7/13/2022,EARLY,S,19,D,GOM,ACHURUM,CARINATUM,U,N,Y,2,,
7/13/2022,EARLY,S,19,D,CYR,MELANOPLUS,ROTUNDIPENNIS,M,A,Y,2,,
7/13/2022,EARLY,S,19,D,CYR,MELANOPLUS,ROTUNDIPENNIS,F,A,Y,1,,
7/13/2022,EARLY,S,19,D,CYR,SCHISTOCERCA,AMERICANA,U,A,Y,1,,
7/13/2022,EARLY,S,21,B,CYR,MELANOPLUS,KEELERI,U,N,Y,1,BLGBLM,
7/13/2022,EARLY,S,21,D,CYR,MELANOPLUS,KEELERI,U,N,Y,1,BLGBLM,
7/13/2022,EARLY,S,21,D,TET,ODONTOXIPHIDIUM,APTERUM,U,N,Y,1,BWDSPC,
7/13/2022,EARLY,S,21,C,GOM,NA,NA,U,N,N,1,DBTDSN,
7/13/2022,EARLY,S,21,D,GOM,AMBLYTROPIDIA,MYSTECA,U,N,Y,1,RFSPSN,
7/13/2022,EARLY,S,21,C,GOM,ERITETTIX,OBSCURUS,U,N,Y,1,TYDSSA,
7/13/2022,EARLY,S,21,A,NA,NA,NA,U,U,N,0,,NO GRASSHOPPERS
7/13/2022,EARLY,S,21,C,CYR,APTENOPEDES,SPHENARIOIDES,F,A,Y,1,,
7/13/2022,EARLY,S,21,C,GOM,ERITETTIX,OBSCURUS,F,A,Y,2,,
7/13/2022,EARLY,S,21,C,GOM,ERITETTIX,OBSCURUS,U,U,Y,1,,
7/13/2022,EARLY,S,21,C,OED,NA,NA,U,U,N,1,,1 BWG
7/13/2022,EARLY,S,21,D,GRY,NA,NA,U,U,N,1,,
7/13/2022,EARLY,S,24,A,TET,ODONTOXIPHIDIUM,APTERUM,U,N,Y,1,BWDSPC,
7/13/2022,EARLY,S,24,C,TET,ODONTOXIPHIDIUM,APTERUM,U,N,Y,1,BWDSPC,
7/13/2022,EARLY,S,24,C,GOM,NA,NA,U,N,N,1,DBTDSN,
7/13/2022,EARLY,S,24,C,CYR,APTENOPEDES,SPHENARIOIDES,U,N,Y,1,RAGBMS,
7/13/2022,EARLY,S,24,A,CYR,APTENOPEDES,SPHENARIOIDES,U,N,Y,1,TWASEG,
7/13/2022,EARLY,S,24,C,GOM,ERITETTIX,OBSCURUS,U,N,Y,1,TYDSSA,
7/13/2022,EARLY,S,24,A,GOM,ACHURUM,CARINATUM,F,A,Y,1,,
7/13/2022,EARLY,S,24,B,OED,NA,NA,U,A,N,1,,1 BWG
7/13/2022,EARLY,S,24,B,OED,PARDALOPHORA,PHOENICOPTERA,M,A,Y,1,,
7/13/2022,EARLY,S,24,C,GOM,ACHURUM,CARINATUM,U,N,Y,1,,
7/13/2022,EARLY,S,24,C,CYR,MELANOPLUS,KEELERI,U,N,Y,1,,
7/13/2022,EARLY,S,24,D,OED,PARDALOPHORA,PHOENICOPTERA,M,A,Y,1,,
7/13/2022,EARLY,S,27,A,CYR,MELANOPLUS,KEELERI,U,N,Y,1,BLGBLM,
7/13/2022,EARLY,S,27,A,TET,ODONTOXIPHIDIUM,APTERUM,U,N,Y,2,BWDSPC,
7/13/2022,EARLY,S,27,D,TET,ODONTOXIPHIDIUM,APTERUM,U,N,Y,4,BWDSPC,
7/13/2022,EARLY,S,27,D,GOM,NA,NA,U,N,N,6,DBTDSN,
7/13/2022,EARLY,S,27,A,CYR,SCHISTOCERCA,DAMNIFICA,U,N,Y,1,GBTEYA,
7/13/2022,EARLY,S,27,B,CYR,SCHISTOCERCA,DAMNIFICA,U,N,Y,2,GBTEYA,
7/13/2022,EARLY,S,27,B,CYR,APTENOPEDES,SPHENARIOIDES,U,N,Y,1,RAGBMS,
7/13/2022,EARLY,S,27,D,CYR,APTENOPEDES,SPHENARIOIDES,U,N,Y,1,RAGBMS,
7/13/2022,EARLY,S,27,D,TET,ODONTOXIPHIDIUM,APTERUM,U,N,Y,1,RBDSTN,
7/13/2022,EARLY,S,27,B,GOM,AMBLYTROPIDIA,MYSTECA,U,N,Y,1,RFSPSN,
7/13/2022,EARLY,S,27,D,GOM,AMBLYTROPIDIA,MYSTECA,U,N,Y,4,RFSPSN,
7/13/2022,EARLY,S,27,D,CYR,APTENOPEDES,SPHENARIOIDES,U,N,Y,1,TWASEG,
7/13/2022,EARLY,S,27,A,GOM,ERITETTIX,OBSCURUS,U,N,Y,1,TYDSSA,
7/13/2022,EARLY,S,27,B,GOM,ERITETTIX,OBSCURUS,U,N,Y,1,TYDSSA,
7/13/2022,EARLY,S,27,D,GOM,ERITETTIX,OBSCURUS,U,N,Y,1,TYDSSA,
7/13/2022,EARLY,S,27,A,GRY,NA,NA,U,U,N,2,,
7/13/2022,EARLY,S,27,B,GOM,ACHURUM,CARINATUM,U,A,Y,1,,
7/13/2022,EARLY,S,27,B,GRY,NA,NA,U,U,N,2,,
7/13/2022,EARLY,S,27,C,GOM,ACHURUM,CARINATUM,U,N,Y,1,,
7/13/2022,EARLY,S,27,D,GRY,NA,NA,U,U,N,1,,
7/13/2022,EARLY,S,28,C,CYR,SCHISTOCERCA,AMERICANA,U,N,Y,1,BEASLN,
7/13/2022,EARLY,S,28,D,CYR,SCHISTOCERCA,AMERICANA,U,N,Y,1,BEASLN,
7/13/2022,EARLY,S,28,B,CYR,MELANOPLUS,KEELERI,U,N,Y,2,BLGBLM,
7/13/2022,EARLY,S,28,B,TET,ODONTOXIPHIDIUM,APTERUM,U,N,Y,1,BWDSPC,
7/13/2022,EARLY,S,28,C,TET,ODONTOXIPHIDIUM,APTERUM,U,N,Y,1,BWDSPC,
7/13/2022,EARLY,S,28,D,TET,ODONTOXIPHIDIUM,APTERUM,U,N,Y,4,BWDSPC,
7/13/2022,EARLY,S,28,B,GOM,NA,NA,U,N,N,3,DBTDSN,
7/13/2022,EARLY,S,28,C,GOM,NA,NA,U,N,N,1,DBTDSN,
7/13/2022,EARLY,S,28,D,GOM,NA,NA,U,N,N,1,DBTDSN,
7/13/2022,EARLY,S,28,D,CYR,SCHISTOCERCA,DAMNIFICA,U,N,Y,2,GBTEYA,
7/13/2022,EARLY,S,28,C,CYR,APTENOPEDES,SPHENARIOIDES,U,N,Y,3,RAGBMS,
7/13/2022,EARLY,S,28,B,GOM,AMBLYTROPIDIA,MYSTECA,U,N,Y,2,RFSPSN,
7/13/2022,EARLY,S,28,B,CYR,APTENOPEDES,SPHENARIOIDES,U,N,Y,2,TWASEG,
7/13/2022,EARLY,S,28,C,GOM,ERITETTIX,OBSCURUS,U,N,Y,1,TYDSSA,
7/13/2022,EARLY,S,28,A,NA,NA,NA,U,U,N,0,,NO GRASSHOPPERS
7/13/2022,EARLY,S,28,B,CYR,MELANOPLUS,ROTUNDIPENNIS,F,A,Y,1,,
7/13/2022,EARLY,S,28,C,CYR,MELANOPLUS,ROTUNDIPENNIS,F,A,Y,1,,
7/13/2022,EARLY,S,28,C,CYR,MELANOPLUS,ROTUNDIPENNIS,M,A,Y,1,,
7/13/2022,EARLY,S,28,C,CYR,MELANOPLUS,IMPUDICUS,M,A,Y,1,,
7/13/2022,EARLY,S,28,C,GOM,ORPHULELLA,PELIDNA,M,A,Y,1,,
7/13/2022,EARLY,S,28,C,GOM,ORPHULELLA,PELIDNA,F,A,Y,1,,
7/13/2022,EARLY,S,28,D,GOM,AMBLYTROPIDIA,MYSTECA,F,A,Y,1,,
9/12/2022,LATE,S,22,A,TET,ODONTOXIPHIDIUM,APTERUM,U,N,Y,1,BWDSPC,
9/12/2022,LATE,S,22,A,TET,ODONTOXIPHIDIUM,APTERUM,U,N,Y,2,RBDSTN,
9/12/2022,LATE,S,22,A,GOM,ORPHULELLA,PELIDNA,F,A,Y,1,,
9/17/2022,LATE,S,2,B,CYR,SCHISTOCERCA,AMERICANA,U,N,Y,1,BEASLN,
9/17/2022,LATE,S,2,C,CYR,MELANOPLUS,KEELERI,U,N,Y,2,BLGBLM,
9/17/2022,LATE,S,2,A,CYR,MELANOPLUS,KEELERI,U,N,Y,2,BROWN BLGBLM,
9/17/2022,LATE,S,2,B,CYR,MELANOPLUS,KEELERI,U,N,Y,1,BROWN BLGBLM,
9/17/2022,LATE,S,2,A,TET,ODONTOXIPHIDIUM,APTERUM,U,N,Y,7,BWDSPC,
9/17/2022,LATE,S,2,B,TET,ODONTOXIPHIDIUM,APTERUM,U,N,Y,9,BWDSPC,
9/17/2022,LATE,S,2,C,TET,ODONTOXIPHIDIUM,APTERUM,U,N,Y,8,BWDSPC,
9/17/2022,LATE,S,2,B,TET,ODONTOXIPHIDIUM,APTERUM,U,N,Y,2,RBDSTN,
9/17/2022,LATE,S,2,B,CYR,MELANOPLUS,ROTUNDIPENNIS,U,N,Y,2,STEBTM,
9/17/2022,LATE,S,2,B,CYR,APTENOPEDES,SPHENARIOIDES,U,N,Y,1,TWASEG,
9/17/2022,LATE,S,2,B,GOM,ERITETTIX,OBSCURUS,U,N,Y,1,TYDSSA,
9/17/2022,LATE,S,2,B,GOM,ACHURUM,CARINATUM,M,A,Y,2,,
9/17/2022,LATE,S,2,C,GOM,ACHURUM,CARINATUM,M,A,Y,2,,
9/17/2022,LATE,S,2,C,GOM,ERITETTIX,OBSCURUS,M,A,Y,1,,
9/17/2022,LATE,S,2,C,CYR,SCHISTOCERCA,DAMNIFICA,U,N,Y,1,,
9/17/2022,LATE,S,11,A,CYR,SCHISTOCERCA,AMERICANA,U,N,Y,3,BEASLN,
9/17/2022,LATE,S,11,D,CYR,MELANOPLUS,KEELERI,U,N,Y,1,BROWN BLGBLM,
9/17/2022,LATE,S,11,A,GOM,NA,NA,U,N,N,1,BSWPPN,
9/17/2022,LATE,S,11,A,TET,ODONTOXIPHIDIUM,APTERUM,U,N,Y,6,BWDSPC,
9/17/2022,LATE,S,11,B,TET,ODONTOXIPHIDIUM,APTERUM,U,N,Y,2,BWDSPC,
9/17/2022,LATE,S,11,C,TET,ODONTOXIPHIDIUM,APTERUM,U,N,Y,2,BWDSPC,
9/17/2022,LATE,S,11,D,TET,ODONTOXIPHIDIUM,APTERUM,U,N,Y,1,BWDSPC,
9/17/2022,LATE,S,11,A,GOM,NA,NA,U,N,N,3,DBTDSN,
9/17/2022,LATE,S,11,A,TET,ODONTOXIPHIDIUM,APTERUM,U,N,Y,2,RBDSTN,
9/17/2022,LATE,S,11,C,TET,ODONTOXIPHIDIUM,APTERUM,U,N,Y,1,RBDSTN,
9/17/2022,LATE,S,11,A,GOM,AMBLYTROPIDIA,MYSTECA,U,N,Y,1,RFSPSN,
9/17/2022,LATE,S,11,A,CYR,SCHISTOCERCA,NA,U,N,N,1,SCHGAA,
9/17/2022,LATE,S,11,A,CYR,MELANOPLUS,ROTUNDIPENNIS,U,N,Y,1,STEBTM,
9/17/2022,LATE,S,11,C,CYR,MELANOPLUS,ROTUNDIPENNIS,U,N,Y,1,STEBTM,
9/17/2022,LATE,S,11,A,CYR,SCHISTOCERCA,AMERICANA,U,A,Y,2,,
9/17/2022,LATE,S,11,C,CYR,APTENOPEDES,APTERA,F,A,Y,1,,
9/17/2022,LATE,S,11,C,CYR,MELANOPLUS,ROTUNDIPENNIS,F,A,Y,1,,
9/17/2022,LATE,S,11,D,CYR,MELANOPLUS,KEELERI,M,A,Y,1,,
9/17/2022,LATE,S,12,B,TET,ODONTOXIPHIDIUM,APTERUM,U,N,Y,2,BWDSPC,
9/17/2022,LATE,S,12,D,TET,ODONTOXIPHIDIUM,APTERUM,U,N,Y,1,RBDSTN,
9/17/2022,LATE,S,12,B,CYR,MELANOPLUS,ROTUNDIPENNIS,U,N,Y,1,STEBTM,
9/17/2022,LATE,S,12,B,GOM,ERITETTIX,OBSCURUS,U,N,Y,1,TYDSSA,
9/17/2022,LATE,S,12,D,GOM,AMBLYTROPIDIA,MYSTECA,M,A,Y,1,,
9/17/2022,LATE,S,12,D,CYR,MELANOPLUS,KEELERI,M,A,Y,1,,
9/17/2022,LATE,S,12,D,CYR,SCHISTOCERCA,DAMNIFICA,M,A,Y,1,,
9/17/2022,LATE,S,12,B,CYR,MELANOPLUS,KEELERI,M,A,Y,1,,
9/17/2022,LATE,S,12,B,CYR,MELANOPLUS,ROTUNDIPENNIS,F,A,Y,1,,
9/17/2022,LATE,S,14,B,GOM,NA,NA,U,N,N,1,BSWPPN,
9/17/2022,LATE,S,14,C,GOM,ACHURUM,CARINATUM,F,A,Y,1,,
9/17/2022,LATE,S,14,C,GOM,ACHURUM,CARINATUM,M,A,Y,1,,
9/21/2022,LATE,S,4,A,TET,ODONTOXIPHIDIUM,APTERUM,U,N,Y,2,BWDSPC,
9/21/2022,LATE,S,4,A,GOM,NA,NA,U,N,N,1,DBTDSN,
9/21/2022,LATE,S,4,A,GOM,AMBLYTROPIDIA,MYSTECA,U,N,Y,1,RFSPSN,
9/21/2022,LATE,S,4,A,GOM,ACHURUM,CARINATUM,U,N,Y,1,,
9/21/2022,LATE,S,4,A,CYR,MELANOPLUS,ROTUNDIPENNIS,F,A,Y,1,,
9/21/2022,LATE,S,7,C,GOM,NA,NA,U,N,N,1,DBTDSN,
9/21/2022,LATE,S,16,D,GOM,NA,NA,U,N,N,1,DBTDSN,
9/21/2022,LATE,S,16,D,CYR,SCHISTOCERCA,DAMNIFICA,U,N,Y,1,GBTEYA,
9/21/2022,LATE,S,16,A,CYR,APTENOPEDES,APTERA,F,A,Y,1,,
9/21/2022,LATE,S,16,A,GOM,ERITETTIX,OBSCURUS,F,A,Y,1,,
9/21/2022,LATE,S,16,A,GOM,ORPHULELLA,PELIDNA,M,A,Y,1,,
9/21/2022,LATE,S,16,D,GRY,NA,NA,U,U,N,1,,
9/21/2022,LATE,S,22,C,TET,ODONTOXIPHIDIUM,APTERUM,U,N,Y,5,BWDSPC,
9/21/2022,LATE,S,22,D,TET,ODONTOXIPHIDIUM,APTERUM,U,N,Y,2,BWDSPC,
9/21/2022,LATE,S,22,C,TET,ODONTOXIPHIDIUM,APTERUM,U,N,Y,4,RBDSTN,
9/21/2022,LATE,S,22,C,CYR,MELANOPLUS,ROTUNDIPENNIS,U,N,Y,2,STEBTM,
9/21/2022,LATE,S,22,C,GOM,ERITETTIX,OBSCURUS,U,N,Y,1,TYDSSA,
9/21/2022,LATE,S,22,A,NA,NA,NA,U,U,N,0,,
9/21/2022,LATE,S,22,C,GOM,ACHURUM,CARINATUM,U,N,Y,1,,
9/21/2022,LATE,S,22,C,CYR,MELANOPLUS,ROTUNDIPENNIS,M,A,Y,1,,
9/21/2022,LATE,S,22,C,GOM,ORPHULELLA,PELIDNA,M,A,Y,2,,
9/21/2022,LATE,S,22,D,GRY,NA,NA,U,U,N,2,,
9/21/2022,LATE,S,23,A,TET,NA,NA,U,N,N,11,BWDSPC W/ RED LEGS,
9/21/2022,LATE,S,23,A,TET,ODONTOXIPHIDIUM,APTERUM,U,N,Y,1,RBDSTN,
9/21/2022,LATE,S,23,A,GOM,ERITETTIX,OBSCURUS,U,N,Y,5,TYDSSA,
9/21/2022,LATE,S,23,A,GOM,AMBLYTROPIDIA,MYSTECA,M,A,Y,1,,
9/26/2022,LATE,S,6,D,GOM,ERITETTIX,OBSCURUS,U,N,Y,1,TYDSSA,
9/26/2022,LATE,S,6,D,GOM,AMBLYTROPIDIA,MYSTECA,M,A,Y,1,,
9/26/2022,LATE,S,6,B,GOM,ACHURUM,CARINATUM,U,N,Y,1,,
9/26/2022,LATE,S,6,B,CYR,SCHISTOCERCA,DAMNIFICA,U,A,Y,1,,1 SCDA
9/26/2022,LATE,S,6,A,NA,NA,NA,U,U,N,0,,NO GRASSHOPPERS
9/26/2022,LATE,S,8,B,TET,ODONTOXIPHIDIUM,APTERUM,U,N,Y,2,BWDSPC,
9/26/2022,LATE,S,8,B,GOM,NA,NA,U,N,N,1,DBTDSN,
9/26/2022,LATE,S,8,B,GOM,ACHURUM,CARINATUM,M,A,Y,2,,
9/26/2022,LATE,S,8,B,GOM,ACHURUM,CARINATUM,U,N,Y,1,,
9/26/2022,LATE,S,9,C,TET,ODONTOXIPHIDIUM,APTERUM,U,N,Y,1,BWDSPC,
9/26/2022,LATE,S,9,C,GOM,NA,NA,U,N,N,3,DBTDSN,
9/26/2022,LATE,S,9,C,TET,ODONTOXIPHIDIUM,APTERUM,U,A,Y,1,RBDSTN,
9/26/2022,LATE,S,9,B,GOM,ERITETTIX,OBSCURUS,U,N,Y,1,TYDSSA,
9/26/2022,LATE,S,9,B,GOM,ACHURUM,CARINATUM,M,A,Y,1,,
9/26/2022,LATE,S,10,B,CYR,NA,NA,U,N,N,1,TBAWSN,
9/26/2022,LATE,S,10,B,GOM,ACHURUM,CARINATUM,U,N,Y,1,,
9/26/2022,LATE,S,10,A,CYR,MELANOPLUS,ROTUNDIPENNIS,U,N,Y,1,,
9/26/2022,LATE,S,10,A,GOM,ACHURUM,CARINATUM,M,A,Y,2,,
9/26/2022,LATE,S,10,A,GOM,ACHURUM,CARINATUM,U,N,Y,1,,
9/26/2022,LATE,S,15,B,GOM,NA,NA,U,N,N,3,DBTDSN,
9/26/2022,LATE,S,15,D,OED,ARPHIA,NA,U,N,N,1,,
9/26/2022,LATE,S,15,A,GOM,ACHURUM,CARINATUM,U,N,Y,1,,
9/26/2022,LATE,S,15,C,GOM,DICHROMORPHA,VIRIDIS,U,N,Y,1,,
9/26/2022,LATE,S,15,C,GOM,ERITETTIX,OBSCURUS,M,A,Y,1,,
9/26/2022,LATE,S,15,C,GOM,AMBLYTROPIDIA,MYSTECA,U,N,Y,2,,
9/26/2022,LATE,S,15,C,CYR,APTENOPEDES,SPHENARIOIDES,U,N,Y,3,,
9/26/2022,LATE,S,15,B,GOM,ERITETTIX,OBSCURUS,F,N,Y,1,,
9/26/2022,LATE,S,15,B,GOM,DICHROMORPHA,VIRIDIS,U,N,Y,1,,
9/26/2022,LATE,S,17,A,GOM,NA,NA,U,N,N,2,DBTDSN,
9/26/2022,LATE,S,17,C,GOM,NA,NA,U,N,N,1,DBTDSN,
9/26/2022,LATE,S,17,A,OED,NA,NA,U,N,N,1,GBOEDN,GREEN BODY OED NYMPH
9/26/2022,LATE,S,17,A,TET,BELOCEPHALUS,SUBAPTERUS,U,N,Y,2,PGTETN,
9/26/2022,LATE,S,17,D,TET,BELOCEPHALUS,SUBAPTERUS,U,N,Y,1,PGTETN,
9/26/2022,LATE,S,17,A,CYR,NA,NA,U,N,N,2,TBAWSN,
9/26/2022,LATE,S,17,A,GOM,ERITETTIX,OBSCURUS,M,A,Y,1,,
9/26/2022,LATE,S,17,A,TET,ODONTOXIPHIDIUM,APTERUM,U,N,Y,1,,
9/26/2022,LATE,S,17,A,CYR,APTENOPEDES,SPHENARIOIDES,U,N,Y,1,,
9/26/2022,LATE,S,17,A,OED,SPHARAGEMON,MARMORATA,M,A,Y,1,,
9/26/2022,LATE,S,17,D,CYR,MELANOPLUS,KEELERI,F,A,Y,1,,
9/26/2022,LATE,S,17,D,CYR,MELANOPLUS,ROTUNDIPENNIS,F,A,Y,1,,
9/26/2022,LATE,S,17,D,CYR,MELANOPLUS,ROTUNDIPENNIS,U,N,Y,1,,
9/26/2022,LATE,S,17,D,TET,ODONTOXIPHIDIUM,APTERUM,U,N,Y,1,,
9/26/2022,LATE,S,17,C,GOM,ERITETTIX,OBSCURUS,U,N,Y,2,,
9/26/2022,LATE,S,17,B,CYR,SCHISTOCERCA,AMERICANA,U,N,Y,1,,
9/26/2022,LATE,S,18,B,CYR,MELANOPLUS,KEELERI,U,A,Y,2,,2 MEKE
9/26/2022,LATE,S,18,B,GOM,DICHROMORPHA,VIRIDIS,M,A,Y,1,,
9/26/2022,LATE,S,18,B,CYR,MELANOPLUS,ROTUNDIPENNIS,M,A,Y,1,,
9/26/2022,LATE,S,18,B,GOM,AMBLYTROPIDIA,MYSTECA,M,A,Y,1,,
9/26/2022,LATE,S,18,A,CYR,MELANOPLUS,KEELERI,U,A,Y,2,,2 MEKE
9/26/2022,LATE,S,18,A,CYR,APTENOPEDES,APTERA,M,A,Y,1,,
9/26/2022,LATE,S,18,A,TET,ODONTOXIPHIDIUM,APTERUM,F,N,Y,1,,
9/26/2022,LATE,S,28,C,GOM,NA,NA,U,N,N,1,DBTDSN,
9/26/2022,LATE,S,28,C,TET,BELOCEPHALUS,SUBAPTERUS,U,N,Y,1,PGTETN,
9/26/2022,LATE,S,28,A,TET,BELOCEPHALUS,SUBAPTERUS,F,N,Y,1,PGTETN,
9/26/2022,LATE,S,28,A,CYR,NA,NA,U,N,N,2,TBAWSN,
9/26/2022,LATE,S,28,C,CYR,MELANOPLUS,ROTUNDIPENNIS,F,A,Y,1,,
9/26/2022,LATE,S,28,C,TET,ODONTOXIPHIDIUM,APTERUM,M,A,Y,2,,
9/26/2022,LATE,S,28,C,GOM,ACHURUM,CARINATUM,U,N,Y,1,,
9/26/2022,LATE,S,28,A,TET,ODONTOXIPHIDIUM,APTERUM,F,A,Y,1,,
9/26/2022,LATE,S,28,A,TET,ODONTOXIPHIDIUM,APTERUM,M,A,Y,1,,
9/26/2022,LATE,S,28,A,TET,ODONTOXIPHIDIUM,APTERUM,U,N,Y,2,,
9/26/2022,LATE,S,28,A,CYR,APTENOPEDES,SPHENARIOIDES,F,A,Y,1,,
9/26/2022,LATE,S,28,A,CYR,APTENOPEDES,SPHENARIOIDES,U,N,Y,1,,
9/26/2022,LATE,S,28,A,CYR,MELANOPLUS,ROTUNDIPENNIS,M,A,Y,1,,
9/26/2022,LATE,S,28,A,CYR,MELANOPLUS,ROTUNDIPENNIS,U,N,Y,1,,
9/26/2022,LATE,S,28,A,GRY,NA,NA,U,U,N,1,,
9/26/2022,LATE,S,4,C,TET,ODONTOXIPHIDIUM,APTERUM,M,N,Y,1,,
9/26/2022,LATE,S,4,C,GOM,ORPHULELLA,PELIDNA,M,A,Y,1,,
9/26/2022,LATE,S,16,B,GOM,ERITETTIX,OBSCURUS,U,N,Y,1,,
9/26/2022,LATE,S,16,C,GRY,NA,NA,U,U,N,1,,
9/26/2022,LATE,S,25,D,CYR,APTENOPEDES,APTERA,F,A,Y,1,,
9/26/2022,LATE,S,25,D,TET,ODONTOXIPHIDIUM,APTERUM,F,A,Y,1,,
9/26/2022,LATE,S,25,D,TET,ODONTOXIPHIDIUM,APTERUM,M,A,Y,1,,
9/26/2022,LATE,S,25,D,TET,ODONTOXIPHIDIUM,APTERUM,F,N,Y,2,,
9/26/2022,LATE,S,25,D,GOM,ERITETTIX,OBSCURUS,U,N,Y,3,,
9/26/2022,LATE,S,25,D,GRY,NA,NA,U,U,N,1,,
9/26/2022,LATE,S,29,B,TET,BELOCEPHALUS,SUBAPTERUS,U,N,Y,1,PGTETN,
9/26/2022,LATE,S,29,D,TET,BELOCEPHALUS,SUBAPTERUS,U,N,Y,1,PGTETN,
9/26/2022,LATE,S,29,B,TET,ODONTOXIPHIDIUM,APTERUM,M,A,Y,2,,
9/26/2022,LATE,S,29,B,TET,ODONTOXIPHIDIUM,APTERUM,F,N,Y,1,,
9/26/2022,LATE,S,29,B,TET,ODONTOXIPHIDIUM,APTERUM,U,N,Y,1,,
9/26/2022,LATE,S,29,B,CYR,MELANOPLUS,ROTUNDIPENNIS,F,A,Y,1,,
9/26/2022,LATE,S,29,D,TET,ODONTOXIPHIDIUM,APTERUM,F,N,Y,1,,
9/26/2022,LATE,S,29,D,TET,ODONTOXIPHIDIUM,APTERUM,U,N,Y,3,,
9/26/2022,LATE,S,29,D,GOM,ACHURUM,CARINATUM,U,N,Y,1,,
9/26/2022,LATE,S,29,D,GOM,ERITETTIX,OBSCURUS,U,N,Y,2,,
9/26/2022,LATE,S,10,D,CYR,SCHISTOCERCA,AMERICANA,U,A,Y,1,,1 SCAM
9/26/2022,LATE,S,10,D,GOM,ERITETTIX,OBSCURUS,M,A,Y,1,,
9/26/2022,LATE,S,10,D,GOM,ERITETTIX,OBSCURUS,U,N,Y,1,,
9/26/2022,LATE,S,10,D,TET,ODONTOXIPHIDIUM,APTERUM,U,N,Y,1,,
9/26/2022,LATE,S,10,D,CYR,MELANOPLUS,ROTUNDIPENNIS,U,N,Y,1,,
9/26/2022,LATE,S,10,D,GOM,ACHURUM,CARINATUM,M,A,Y,1,,
9/26/2022,LATE,S,8,C,CYR,SCHISTOCERCA,DAMNIFICA,U,A,Y,1,,1 SCDA
9/26/2022,LATE,S,8,C,GOM,DICHROMORPHA,VIRIDIS,F,A,Y,1,,
9/26/2022,LATE,S,8,C,GOM,NA,NA,M,A,N,1,DBTDSN,
9/26/2022,LATE,S,8,C,GOM,NA,NA,U,N,N,2,DBTDSN,
9/26/2022,LATE,S,8,C,GRY,NA,NA,U,U,N,2,,
9/26/2022,LATE,S,18,D,CYR,MELANOPLUS,KEELERI,U,A,Y,1,1 MEKE,
9/26/2022,LATE,S,18,D,CYR,MELANOPLUS,KEELERI,M,A,Y,1,,
9/26/2022,LATE,S,18,D,CYR,MELANOPLUS,ROTUNDIPENNIS,M,A,Y,1,,
9/26/2022,LATE,S,18,D,CYR,MELANOPLUS,ROTUNDIPENNIS,F,A,Y,1,,
9/26/2022,LATE,S,18,D,GOM,ACHURUM,CARINATUM,U,N,Y,1,,
9/26/2022,LATE,S,18,D,CYR,APTENOPEDES,APTERA,M,A,Y,2,,
9/26/2022,LATE,S,18,D,CYR,SCHISTOCERCA,AMERICANA,F,N,Y,1,,
9/26/2022,LATE,S,18,C,NA,NA,NA,U,U,N,0,,NO GRASSHOPPERS
9/26/2022,LATE,S,6,C,CYR,MELANOPLUS,ROTUNDIPENNIS,F,A,Y,1,,
9/26/2022,LATE,S,6,C,GOM,ACHURUM,CARINATUM,U,N,Y,1,,
9/26/2022,LATE,S,8,A,GOM,AMBLYTROPIDIA,MYSTECA,F,A,Y,1,,
9/26/2022,LATE,S,8,A,GOM,DICHROMORPHA,VIRIDIS,F,A,Y,1,,
9/26/2022,LATE,S,8,A,GOM,ERITETTIX,OBSCURUS,U,N,Y,2,,
9/26/2022,LATE,S,8,A,GOM,NA,NA,U,N,N,1,DBTDSN,
9/26/2022,LATE,S,8,A,GRY,NA,NA,U,U,N,1,,
9/26/2022,LATE,S,8,D,CYR,SCHISTOCERCA,DAMNIFICA,F,A,Y,1,,
9/26/2022,LATE,S,28,B,TET,ODONTOXIPHIDIUM,APTERUM,M,A,Y,1,,
9/26/2022,LATE,S,28,B,TET,ODONTOXIPHIDIUM,APTERUM,U,N,Y,1,,
9/26/2022,LATE,S,28,B,CYR,APTENOPEDES,APTERA,F,A,Y,1,,
9/26/2022,LATE,S,28,B,CYR,SCHISTOCERCA,DAMNIFICA,F,A,Y,1,,
9/26/2022,LATE,S,28,B,GOM,DICHROMORPHA,VIRIDIS,U,N,Y,1,,
9/26/2022,LATE,S,28,B,GRY,NA,NA,U,U,N,1,,
9/26/2022,LATE,S,10,C,GOM,ACHURUM,CARINATUM,U,U,Y,1,,1 ACCA
9/26/2022,LATE,S,10,C,GOM,ACHURUM,CARINATUM,U,N,Y,1,,
9/26/2022,LATE,S,10,C,CYR,MELANOPLUS,ROTUNDIPENNIS,F,A,Y,1,,
9/26/2022,LATE,S,10,C,CYR,MELANOPLUS,ROTUNDIPENNIS,F,N,Y,1,,
9/26/2022,LATE,S,10,C,GOM,ERITETTIX,OBSCURUS,M,A,Y,1,,
9/26/2022,LATE,S,10,C,TET,ODONTOXIPHIDIUM,APTERUM,U,N,Y,1,,
9/26/2022,LATE,S,10,C,TET,BELOCEPHALUS,SUBAPTERUS,U,N,Y,1,PGTETN,
9/26/2022,LATE,S,10,C,GRY,NA,NA,U,U,N,3,,
9/26/2022,LATE,S,28,D,TET,ODONTOXIPHIDIUM,APTERUM,U,N,Y,1,,
9/26/2022,LATE,S,9,D,CYR,SCHISTOCERCA,AMERICANA,F,N,Y,1,,
9/26/2022,LATE,S,9,D,CYR,MELANOPLUS,KEELERI,F,A,Y,1,,
9/26/2022,LATE,S,9,D,GRY,NA,NA,U,U,N,1,,
9/26/2022,LATE,S,9,A,GOM,AMBLYTROPIDIA,MYSTECA,M,A,Y,1,,
9/26/2022,LATE,S,9,A,GOM,ERITETTIX,OBSCURUS,M,A,Y,1,,
9/26/2022,LATE,S,9,A,CYR,SCHISTOCERCA,DAMNIFICA,U,A,Y,1,,1 SCDA
9/26/2022,LATE,S,9,A,TET,ODONTOXIPHIDIUM,APTERUM,F,A,Y,2,,
9/17/2022,LATE,S,14,D,CYR,MELANOPLUS,ROTUNDIPENNIS,F,A,Y,1,,
9/17/2022,LATE,S,14,D,GOM,ERITETTIX,OBSCURUS,U,N,Y,2,,
9/17/2022,LATE,S,14,A,CYR,SCHISTOCERCA,AMERICANA,U,A,Y,1,,1 SCAM
9/17/2022,LATE,S,14,A,CYR,SCHISTOCERCA,DAMNIFICA,U,A,Y,1,,1 SCDA
9/17/2022,LATE,S,14,A,GOM,SYRBULA,ADMIRABILIS,M,A,Y,1,,1 M SYAD
9/17/2022,LATE,S,14,A,GOM,DICHROMORPHA,VIRIDIS,U,N,Y,1,,
9/17/2022,LATE,S,12,C,CYR,MELANOPLUS,ROTUNDIPENNIS,M,A,Y,1,,
9/17/2022,LATE,S,12,B,GOM,ORPHULELLA,PELIDNA,F,A,Y,2,,
9/17/2022,LATE,S,12,B,GOM,NA,NA,M,A,N,1,DBTDSN,
9/17/2022,LATE,S,12,B,GOM,ERITETTIX,OBSCURUS,U,N,Y,1,,
9/17/2022,LATE,S,12,B,TET,ODONTOXIPHIDIUM,APTERUM,M,A,Y,1,,
9/17/2022,LATE,S,13,A,GOM,SYRBULA,ADMIRABILIS,M,A,Y,1,,
9/17/2022,LATE,S,13,A,CYR,MELANOPLUS,ROTUNDIPENNIS,F,A,Y,1,,
9/17/2022,LATE,S,13,D,CYR,MELANOPLUS,ROTUNDIPENNIS,M,A,Y,1,,
9/17/2022,LATE,S,13,D,GOM,ERITETTIX,OBSCURUS,U,N,Y,1,,
9/17/2022,LATE,S,13,D,CYR,MELANOPLUS,ROTUNDIPENNIS,U,N,Y,1,,
9/17/2022,LATE,S,13,D,GRY,NA,NA,U,U,N,1,,
9/17/2022,LATE,S,13,B,CYR,MELANOPLUS,ROTUNDIPENNIS,M,A,Y,1,,
9/21/2022,LATE,S,1,A,CYR,MELANOPLUS,ROTUNDIPENNIS,M,A,Y,1,,
9/21/2022,LATE,S,1,A,CYR,MELANOPLUS,ROTUNDIPENNIS,U,N,Y,3,,
9/21/2022,LATE,S,1,A,TET,ODONTOXIPHIDIUM,APTERUM,M,A,Y,1,,
9/21/2022,LATE,S,1,A,TET,ODONTOXIPHIDIUM,APTERUM,M,N,Y,1,,
9/21/2022,LATE,S,1,A,TET,ODONTOXIPHIDIUM,APTERUM,U,N,Y,2,,
9/21/2022,LATE,S,1,B,GOM,ACHURUM,CARINATUM,U,N,Y,1,,
9/21/2022,LATE,S,1,B,GOM,ERITETTIX,OBSCURUS,U,N,Y,1,,
9/21/2022,LATE,S,1,B,CYR,MELANOPLUS,KEELERI,F,A,Y,1,,
9/21/2022,LATE,S,1,B,CYR,MELANOPLUS,ROTUNDIPENNIS,F,A,Y,1,,
9/21/2022,LATE,S,1,B,CYR,MELANOPLUS,ROTUNDIPENNIS,M,A,Y,2,,
9/21/2022,LATE,S,1,B,TET,ODONTOXIPHIDIUM,APTERUM,F,A,Y,2,,
9/21/2022,LATE,S,1,B,TET,ODONTOXIPHIDIUM,APTERUM,M,A,Y,1,,
9/21/2022,LATE,S,1,B,TET,ODONTOXIPHIDIUM,APTERUM,M,N,Y,1,,
9/21/2022,LATE,S,1,B,TET,ODONTOXIPHIDIUM,APTERUM,U,N,Y,2,,
9/21/2022,LATE,S,1,B,GRY,NA,NA,U,U,N,1,,
9/21/2022,LATE,S,23,C,OED,ARPHIA,XANTHOPTERA,U,N,Y,1,,
9/21/2022,LATE,S,23,C,GOM,ERITETTIX,OBSCURUS,U,N,Y,1,,
9/21/2022,LATE,S,23,C,CYR,MELANOPLUS,ROTUNDIPENNIS,M,A,Y,1,,
9/21/2022,LATE,S,23,C,CYR,SCHISTOCERCA,AMERICANA,U,N,Y,1,,
9/21/2022,LATE,S,23,C,TET,ODONTOXIPHIDIUM,APTERUM,F,A,Y,2,,
9/21/2022,LATE,S,23,C,TET,ODONTOXIPHIDIUM,APTERUM,F,N,Y,1,,
9/21/2022,LATE,S,23,C,TET,ODONTOXIPHIDIUM,APTERUM,M,N,Y,2,,
9/21/2022,LATE,S,23,C,TET,ODONTOXIPHIDIUM,APTERUM,U,N,Y,4,,
9/21/2022,LATE,S,23,C,TET,BELOCEPHALUS,SUBAPTERUS,U,A,Y,2,PGTETN,
9/21/2022,LATE,S,7,A,CYR,SCHISTOCERCA,AMERICANA,U,A,Y,1,,1 SCAM
9/21/2022,LATE,S,23,B,TET,SCUDDERIA,FURCATA,F,A,Y,1,,
9/21/2022,LATE,S,23,B,TET,ODONTOXIPHIDIUM,APTERUM,M,A,Y,1,,
9/21/2022,LATE,S,23,B,TET,ODONTOXIPHIDIUM,APTERUM,F,N,Y,1,,
9/21/2022,LATE,S,23,B,TET,ODONTOXIPHIDIUM,APTERUM,U,N,Y,7,,
9/21/2022,LATE,S,23,B,GOM,AMBLYTROPIDIA,MYSTECA,M,A,Y,2,,
9/21/2022,LATE,S,23,B,CYR,MELANOPLUS,ROTUNDIPENNIS,M,A,Y,2,,
9/21/2022,LATE,S,23,B,CYR,MELANOPLUS,ROTUNDIPENNIS,U,N,Y,3,,
9/21/2022,LATE,S,23,B,CYR,MELANOPLUS,NA,U,N,N,1,TBAWSN,
9/21/2022,LATE,S,23,B,GOM,ERITETTIX,OBSCURUS,U,N,Y,1,,
9/21/2022,LATE,S,23,B,GOM,NA,NA,U,N,N,1,DBTDSN,
9/21/2022,LATE,S,4,D,GOM,ACHURUM,CARINATUM,M,A,Y,1,,
9/21/2022,LATE,S,4,D,TET,ODONTOXIPHIDIUM,APTERUM,M,A,Y,1,,
9/21/2022,LATE,S,4,D,TET,ODONTOXIPHIDIUM,APTERUM,M,N,Y,1,,
9/21/2022,LATE,S,4,D,TET,ODONTOXIPHIDIUM,APTERUM,U,N,Y,2,,
9/21/2022,LATE,S,4,D,GOM,ORPHULELLA,PELIDNA,M,A,Y,1,,
9/21/2022,LATE,S,4,D,GOM,ORPHULELLA,PELIDNA,U,N,Y,2,,
9/21/2022,LATE,S,4,D,CYR,MELANOPLUS,ROTUNDIPENNIS,M,A,Y,1,,
9/21/2022,LATE,S,4,D,CYR,MELANOPLUS,ROTUNDIPENNIS,U,N,Y,2,,
9/21/2022,LATE,S,4,D,CYR,SCHISTOCERCA,AMERICANA,U,N,Y,16,,
9/21/2022,LATE,S,4,D,GRY,NA,NA,U,U,N,1,,
9/21/2022,LATE,S,2,D,CYR,SCHISTOCERCA,AMERICANA,U,A,Y,1,,1 SCAM
9/21/2022,LATE,S,2,D,OED,NA,NA,U,A,N,1,,1 OED
9/21/2022,LATE,S,2,D,TET,ODONTOXIPHIDIUM,APTERUM,F,A,Y,1,,
9/21/2022,LATE,S,2,D,TET,ODONTOXIPHIDIUM,APTERUM,M,A,Y,1,,
9/21/2022,LATE,S,2,D,TET,ODONTOXIPHIDIUM,APTERUM,F,N,Y,3,,
9/21/2022,LATE,S,2,D,TET,ODONTOXIPHIDIUM,APTERUM,M,N,Y,3,,
9/21/2022,LATE,S,2,D,TET,ODONTOXIPHIDIUM,APTERUM,U,N,Y,6,,
9/21/2022,LATE,S,2,D,GOM,ACHURUM,CARINATUM,F,A,Y,1,,
9/21/2022,LATE,S,2,D,GOM,ACHURUM,CARINATUM,U,N,Y,2,,
9/21/2022,LATE,S,2,D,CYR,MELANOPLUS,ROTUNDIPENNIS,M,A,Y,1,,
9/21/2022,LATE,S,2,D,CYR,MELANOPLUS,ROTUNDIPENNIS,U,N,Y,1,,
9/21/2022,LATE,S,2,D,GOM,ERITETTIX,OBSCURUS,U,N,Y,2,,
9/21/2022,LATE,S,23,D,TET,ODONTOXIPHIDIUM,APTERUM,F,A,Y,3,,
9/21/2022,LATE,S,23,D,TET,ODONTOXIPHIDIUM,APTERUM,F,N,Y,1,,
9/21/2022,LATE,S,23,D,TET,ODONTOXIPHIDIUM,APTERUM,U,N,Y,3,,
9/21/2022,LATE,S,23,D,GOM,NA,NA,U,N,N,1,DBTDSN,
9/21/2022,LATE,S,23,D,CYR,SCHISTOCERCA,DAMNIFICA,F,A,Y,1,,
9/21/2022,LATE,S,23,D,CYR,APTENOPEDES,APTERA,F,A,Y,1,,
9/21/2022,LATE,S,23,D,GRY,NA,NA,U,U,N,1,,
9/21/2022,LATE,S,7,B,GOM,AMBLYTROPIDIA,MYSTECA,U,N,Y,1,,
9/21/2022,LATE,S,7,B,CYR,SCHISTOCERCA,AMERICANA,U,A,Y,1,,1 SCAM
9/21/2022,LATE,S,7,D,CYR,MELANOPLUS,ROTUNDIPENNIS,F,A,Y,1,,
9/21/2022,LATE,S,7,D,GOM,ACHURUM,CARINATUM,U,N,Y,1,,
9/21/2022,LATE,S,7,D,GRY,NA,NA,U,U,N,1,,
9/21/2022,LATE,S,1,C,GOM,ACHURUM,CARINATUM,U,N,Y,1,,
9/21/2022,LATE,S,1,C,GOM,DICHROMORPHA,VIRIDIS,M,A,Y,1,,
9/21/2022,LATE,S,1,C,CYR,MELANOPLUS,ROTUNDIPENNIS,F,A,Y,1,,
9/21/2022,LATE,S,1,C,CYR,MELANOPLUS,ROTUNDIPENNIS,U,N,Y,1,,
9/21/2022,LATE,S,1,C,CYR,MELANOPLUS,NA,U,N,N,1,TBAWSN,
9/21/2022,LATE,S,1,C,TET,ODONTOXIPHIDIUM,APTERUM,M,A,Y,2,,
9/21/2022,LATE,S,1,C,TET,ODONTOXIPHIDIUM,APTERUM,F,N,Y,1,,
9/21/2022,LATE,S,1,C,TET,ODONTOXIPHIDIUM,APTERUM,U,N,Y,4,,
9/21/2022,LATE,S,1,C,TET,BELOCEPHALUS,SUBAPTERUS,U,N,N,1,PGTETN,
9/21/2022,LATE,S,1,C,GRY,NA,NA,U,U,N,2,,
9/21/2022,LATE,S,1,D,TET,BELOCEPHALUS,SUBAPTERUS,U,U,N,1,PGTETN,
9/21/2022,LATE,S,1,D,TET,ODONTOXIPHIDIUM,APTERUM,F,A,Y,1,,
9/21/2022,LATE,S,1,D,TET,ODONTOXIPHIDIUM,APTERUM,M,A,Y,1,,
9/21/2022,LATE,S,1,D,TET,ODONTOXIPHIDIUM,APTERUM,F,N,Y,1,,
9/21/2022,LATE,S,1,D,TET,ODONTOXIPHIDIUM,APTERUM,U,N,Y,2,,
9/21/2022,LATE,S,1,D,CYR,APTENOPEDES,SPHENARIOIDES,M,A,Y,1,,
9/21/2022,LATE,S,1,D,GOM,AMBLYTROPIDIA,MYSTECA,U,N,Y,1,,
9/21/2022,LATE,S,1,D,CYR,MELANOPLUS,KEELERI,F,A,Y,2,,
9/21/2022,LATE,S,1,D,GOM,ACHURUM,CARINATUM,F,A,Y,1,,
9/21/2022,LATE,S,1,D,CYR,MELANOPLUS,ROTUNDIPENNIS,M,A,Y,1,,
9/21/2022,LATE,S,1,D,CYR,MELANOPLUS,ROTUNDIPENNIS,U,N,Y,2,,
9/21/2022,LATE,S,1,D,GOM,ORPHULELLA,PELIDNA,F,A,Y,1,,
9/21/2022,LATE,S,1,D,GOM,DICHROMORPHA,VIRIDIS,F,A,Y,1,,
9/21/2022,LATE,S,3,A,GOM,ACHURUM,CARINATUM,F,A,Y,2,,
9/21/2022,LATE,S,3,A,GOM,ACHURUM,CARINATUM,U,N,Y,1,,
9/21/2022,LATE,S,3,A,GOM,ERITETTIX,OBSCURUS,U,N,Y,1,,
9/21/2022,LATE,S,3,A,GOM,ORPHULELLA,PELIDNA,U,N,Y,2,,
9/21/2022,LATE,S,3,A,CYR,NA,NA,U,N,Y,1,TBAWSN,
9/21/2022,LATE,S,3,A,CYR,MELANOPLUS,ROTUNDIPENNIS,M,A,Y,2,,
9/21/2022,LATE,S,3,A,CYR,MELANOPLUS,ROTUNDIPENNIS,F,A,Y,2,,
9/21/2022,LATE,S,3,A,CYR,MELANOPLUS,ROTUNDIPENNIS,U,N,Y,3,,
9/21/2022,LATE,S,3,A,TET,ODONTOXIPHIDIUM,APTERUM,M,A,Y,3,,
9/21/2022,LATE,S,3,A,TET,ODONTOXIPHIDIUM,APTERUM,F,N,Y,8,,
9/21/2022,LATE,S,3,A,TET,ODONTOXIPHIDIUM,APTERUM,U,N,Y,8,,
9/21/2022,LATE,S,4,B,GOM,MERMIA,PICTA,M,A,Y,1,,
9/21/2022,LATE,S,4,B,GOM,ORPHULELLA,PELIDNA,F,A,Y,1,,
9/21/2022,LATE,S,4,B,GOM,ORPHULELLA,PELIDNA,U,N,Y,2,,
9/21/2022,LATE,S,4,B,TET,ODONTOXIPHIDIUM,APTERUM,U,N,Y,1,,
9/21/2022,LATE,S,4,B,GRY,NA,NA,U,U,N,1,,
9/21/2022,LATE,S,3,B,GOM,ACHURUM,CARINATUM,U,A,Y,1,,
9/21/2022,LATE,S,3,B,GOM,ORPHULELLA,PELIDNA,U,N,Y,1,,
9/21/2022,LATE,S,3,B,GOM,NA,NA,U,N,N,2,DBTDSN,
9/21/2022,LATE,S,3,B,CYR,MELANOPLUS,ROTUNDIPENNIS,U,N,Y,1,,
9/21/2022,LATE,S,3,B,CYR,SCHISTOCERCA,DAMNIFICA,U,N,Y,1,,
9/21/2022,LATE,S,3,B,TET,ODONTOXIPHIDIUM,APTERUM,F,A,Y,1,,
9/21/2022,LATE,S,3,B,TET,ODONTOXIPHIDIUM,APTERUM,M,A,Y,4,,
9/21/2022,LATE,S,3,B,TET,ODONTOXIPHIDIUM,APTERUM,F,N,Y,3,,
9/21/2022,LATE,S,3,B,TET,ODONTOXIPHIDIUM,APTERUM,U,N,Y,12,,
9/21/2022,LATE,S,3,B,TET,BELOCEPHALUS,SUBAPTERUS,M,A,Y,1,PGTETN,
9/21/2022,LATE,S,3,B,TET,BELOCEPHALUS,SUBAPTERUS,U,N,Y,1,PGTETN,
9/21/2022,LATE,S,3,C,GOM,ORPHULELLA,PELIDNA,U,N,Y,1,,
9/21/2022,LATE,S,3,C,GOM,ERITETTIX,OBSCURUS,U,N,Y,1,,
9/21/2022,LATE,S,3,C,GOM,ACHURUM,CARINATUM,U,N,Y,1,,
9/21/2022,LATE,S,3,C,CYR,MELANOPLUS,ROTUNDIPENNIS,M,A,Y,1,,
9/21/2022,LATE,S,3,C,TET,ODONTOXIPHIDIUM,APTERUM,F,N,Y,2,,
9/21/2022,LATE,S,22,B,OED,NA,NA,U,A,N,1,,1 OED
9/21/2022,LATE,S,22,B,CYR,SCHISTOCERCA,DAMNIFICA,U,A,Y,1,,1 SCDA
9/21/2022,LATE,S,22,B,TET,ODONTOXIPHIDIUM,APTERUM,M,A,Y,1,,
9/21/2022,LATE,S,22,B,TET,ODONTOXIPHIDIUM,APTERUM,U,N,Y,1,,
9/21/2022,LATE,S,22,B,CYR,MELANOPLUS,NA,U,N,N,1,TBAWSN,
9/21/2022,LATE,S,22,B,TET,BELOCEPHALUS,SUBAPTERUS,U,N,Y,1,,
9/21/2022,LATE,S,3,D,CYR,MELANOPLUS,ROTUNDIPENNIS,F,A,Y,1,,
9/21/2022,LATE,S,3,D,TET,ODONTOXIPHIDIUM,APTERUM,F,N,Y,4,,
9/21/2022,LATE,S,3,D,CYR,MELANOPLUS,NA,U,N,N,1,TBAWSN,
9/21/2022,LATE,S,3,D,GOM,ERITETTIX,OBSCURUS,U,N,Y,1,,
9/24/2022,LATE,S,24,C,CYR,MELANOPLUS,ROTUNDIPENNIS,F,A,Y,1,,
9/24/2022,LATE,S,24,C,CYR,MELANOPLUS,ROTUNDIPENNIS,U,N,Y,1,,
9/24/2022,LATE,S,24,C,GOM,ERITETTIX,OBSCURUS,U,N,Y,2,,
9/24/2022,LATE,S,24,C,TET,BELOCEPHALUS,SUBAPTERUS,U,N,Y,2,,
9/24/2022,LATE,S,24,B,TET,ODONTOXIPHIDIUM,APTERUM,F,N,Y,1,,
9/24/2022,LATE,S,24,B,TET,BELOCEPHALUS,SUBAPTERUS,U,N,Y,1,,
9/24/2022,LATE,S,24,B,GRY,NA,NA,U,U,N,1,,
9/24/2022,LATE,S,19,B,OED,ARPHIA,XANTHOPTERA,U,N,Y,1,,
9/24/2022,LATE,S,19,B,TET,ODONTOXIPHIDIUM,APTERUM,F,A,Y,1,,
9/24/2022,LATE,S,19,B,TET,ODONTOXIPHIDIUM,APTERUM,F,N,Y,1,,
9/24/2022,LATE,S,19,B,TET,ODONTOXIPHIDIUM,APTERUM,U,N,Y,1,,
9/24/2022,LATE,S,19,B,GOM,ACHURUM,CARINATUM,M,A,Y,2,,
9/24/2022,LATE,S,19,B,GOM,ACHURUM,CARINATUM,F,A,Y,1,,
9/24/2022,LATE,S,19,B,GOM,ACHURUM,CARINATUM,U,N,Y,2,,
9/24/2022,LATE,S,19,B,GOM,DICHROMORPHA,VIRIDIS,M,A,Y,1,,
9/24/2022,LATE,S,19,B,GOM,ORPHULELLA,PELIDNA,M,A,Y,1,,
9/24/2022,LATE,S,19,B,CYR,APTENOPEDES,SPHENARIOIDES,U,N,Y,1,,
9/24/2022,LATE,S,21,A,GOM,ORPHULELLA,PELIDNA,U,N,Y,1,,
9/24/2022,LATE,S,21,A,GOM,ERITETTIX,OBSCURUS,U,N,Y,1,,
9/24/2022,LATE,S,21,A,TET,ODONTOXIPHIDIUM,APTERUM,M,A,Y,2,,
9/24/2022,LATE,S,21,A,GRY,NA,NA,U,U,N,1,,
9/24/2022,LATE,S,19,C,OED,HIPPISCUS,OCELOTE,M,A,Y,1,,
9/24/2022,LATE,S,19,C,GOM,NA,NA,U,N,Y,1,DBTDSN,
9/24/2022,LATE,S,19,C,TET,BELOCEPHALUS,SUBAPTERUS,U,N,Y,1,,
9/24/2022,LATE,S,19,C,GOM,ACHURUM,CARINATUM,M,A,Y,1,,
9/24/2022,LATE,S,19,C,GOM,ERITETTIX,OBSCURUS,U,N,Y,1,,
9/24/2022,LATE,S,19,C,CYR,MELANOPLUS,ROTUNDIPENNIS,F,A,Y,1,,
9/24/2022,LATE,S,19,C,CYR,MELANOPLUS,ROTUNDIPENNIS,M,A,Y,1,,
9/24/2022,LATE,S,19,C,CYR,MELANOPLUS,ROTUNDIPENNIS,U,N,Y,4,,
9/24/2022,LATE,S,19,C,TET,ODONTOXIPHIDIUM,APTERUM,U,N,Y,6,,
9/24/2022,LATE,S,19,D,GOM,ACHURUM,CARINATUM,F,A,Y,1,,
9/24/2022,LATE,S,19,D,GOM,ACHURUM,CARINATUM,M,A,Y,4,,
9/24/2022,LATE,S,19,D,GOM,ACHURUM,CARINATUM,U,N,Y,4,,
9/24/2022,LATE,S,19,D,TET,ODONTOXIPHIDIUM,APTERUM,M,A,Y,2,,
9/24/2022,LATE,S,19,D,TET,ODONTOXIPHIDIUM,APTERUM,U,N,Y,2,,
9/24/2022,LATE,S,19,D,TET,BELOCEPHALUS,SUBAPTERUS,U,N,Y,3,,
9/24/2022,LATE,S,19,D,GOM,AMBLYTROPIDIA,MYSTECA,M,A,Y,1,,
9/24/2022,LATE,S,19,D,CYR,MELANOPLUS,ROTUNDIPENNIS,F,A,Y,1,,
9/24/2022,LATE,S,19,D,CYR,MELANOPLUS,ROTUNDIPENNIS,M,A,Y,2,,
9/24/2022,LATE,S,19,D,CYR,MELANOPLUS,ROTUNDIPENNIS,U,N,Y,10,,
9/24/2022,LATE,S,19,D,CYR,NA,NA,U,N,N,1,TBAWSN,
9/24/2022,LATE,S,19,D,GOM,NA,NA,U,N,N,1,DBTDSN,
9/24/2022,LATE,S,19,D,GOM,ORPHULELLA,PELIDNA,U,A,Y,1,,1 ORPE
9/24/2022,LATE,S,24,A,GOM,ACHURUM,CARINATUM,U,N,Y,1,,
9/24/2022,LATE,S,24,A,GRY,NA,NA,U,U,N,2,,
9/24/2022,LATE,S,24,D,CYR,APTENOPEDES,SPHENARIOIDES,U,N,Y,1,,
9/24/2022,LATE,S,24,D,TET,BELOCEPHALUS,SUBAPTERUS,U,N,Y,1,,
9/24/2022,LATE,S,24,D,GOM,NA,NA,U,N,N,1,DBTDSN,
9/24/2022,LATE,S,24,D,GRY,NA,NA,U,U,N,3,,
9/24/2022,LATE,S,19,A,OED,ARPHIA,XANTHOPTERA,U,N,Y,1,,
9/24/2022,LATE,S,19,A,GOM,ACHURUM,CARINATUM,U,N,Y,3,,
9/24/2022,LATE,S,19,A,GOM,ORPHULELLA,PELIDNA,M,A,Y,1,,
9/24/2022,LATE,S,19,A,GOM,ERITETTIX,OBSCURUS,U,N,Y,1,,
9/24/2022,LATE,S,19,A,CYR,MELANOPLUS,NA,U,N,N,1,TBAWSN,
9/24/2022,LATE,S,21,B,CYR,SCHISTOCERCA,AMERICANA,U,A,Y,1,,1 SCAM
9/24/2022,LATE,S,21,B,CYR,MELANOPLUS,ROTUNDIPENNIS,U,N,Y,1,,
9/24/2022,LATE,S,21,B,GOM,ERITETTIX,OBSCURUS,U,N,Y,3,,
9/24/2022,LATE,S,21,B,GOM,ORPHULELLA,PELIDNA,U,N,Y,1,,
9/24/2022,LATE,S,21,B,GOM,ACHURUM,CARINATUM,U,N,Y,1,,
9/24/2022,LATE,S,21,B,GRY,NA,NA,U,U,N,3,,
9/24/2022,LATE,S,5,B,TET,ODONTOXIPHIDIUM,APTERUM,M,A,Y,1,,
9/24/2022,LATE,S,5,B,TET,ODONTOXIPHIDIUM,APTERUM,F,N,Y,1,,
9/24/2022,LATE,S,5,B,TET,ODONTOXIPHIDIUM,APTERUM,U,N,Y,1,,
9/24/2022,LATE,S,5,B,GOM,ACHURUM,CARINATUM,F,A,Y,1,,
9/24/2022,LATE,S,5,B,GOM,ACHURUM,CARINATUM,M,A,Y,2,,
9/24/2022,LATE,S,5,B,GOM,ACHURUM,CARINATUM,U,N,Y,1,,
9/24/2022,LATE,S,5,B,GOM,AMBLYTROPIDIA,MYSTECA,U,N,Y,1,,
9/24/2022,LATE,S,5,B,CYR,APTENOPEDES,SPHENARIOIDES,U,N,Y,2,,
9/24/2022,LATE,S,5,B,GOM,ERITETTIX,OBSCURUS,M,A,Y,2,,
9/24/2022,LATE,S,5,B,GOM,ORPHULELLA,PELIDNA,U,N,Y,7,,
9/24/2022,LATE,S,21,C,CYR,MELANOPLUS,KEELERI,U,A,Y,1,,1 MEKE
9/24/2022,LATE,S,21,C,GOM,ERITETTIX,OBSCURUS,U,N,Y,2,,
9/24/2022,LATE,S,21,C,TET,BELOCEPHALUS,SUBAPTERUS,U,N,Y,1,,
9/24/2022,LATE,S,21,C,GRY,NA,NA,U,U,N,1,,
9/24/2022,LATE,S,5,C,CYR,MELANOPLUS,ROTUNDIPENNIS,M,A,Y,1,,
9/24/2022,LATE,S,5,C,CYR,APTENOPEDES,SPHENARIOIDES,U,N,Y,4,,
9/24/2022,LATE,S,5,C,TET,ODONTOXIPHIDIUM,APTERUM,M,A,Y,1,,
9/24/2022,LATE,S,5,C,GOM,NA,NA,U,N,N,1,DBTDSN,
9/24/2022,LATE,S,5,C,GRY,NA,NA,U,U,N,1,,
9/24/2022,LATE,S,21,D,GOM,ERITETTIX,OBSCURUS,U,N,Y,3,,
9/24/2022,LATE,S,21,D,GRY,NA,NA,U,U,N,1,,
9/24/2022,LATE,S,5,A,GOM,ORPHULELLA,PELIDNA,U,N,Y,1,,
9/24/2022,LATE,S,5,A,CYR,APTENOPEDES,SPHENARIOIDES,U,N,Y,1,,
9/24/2022,LATE,S,5,A,TET,ODONTOXIPHIDIUM,APTERUM,F,N,Y,2,,
9/24/2022,LATE,S,5,D,CYR,MELANOPLUS,ROTUNDIPENNIS,M,A,Y,1,,
9/24/2022,LATE,S,5,D,CYR,MELANOPLUS,ROTUNDIPENNIS,U,N,Y,1,,
9/24/2022,LATE,S,5,D,GOM,ACHURUM,CARINATUM,U,N,Y,1,,
9/24/2022,LATE,S,5,D,CYR,SCHISTOCERCA,AMERICANA,U,N,Y,1,,
9/23/2022,LATE,S,26,A,GOM,ORPHULELLA,PELIDNA,F,A,Y,1,,
9/23/2022,LATE,S,26,A,GRY,NA,NA,U,U,N,1,,
9/23/2022,LATE,S,26,D,TET,ODONTOXIPHIDIUM,APTERUM,F,A,Y,1,,
9/23/2022,LATE,S,26,D,TET,ODONTOXIPHIDIUM,APTERUM,U,N,Y,2,,
9/23/2022,LATE,S,26,D,CYR,MELANOPLUS,ROTUNDIPENNIS,U,N,Y,1,,
9/23/2022,LATE,S,29,C,TET,BELOCEPHALUS,SUBAPTERUS,U,N,Y,1,,
9/23/2022,LATE,S,29,C,CYR,SCHISTOCERCA,AMERICANA,U,N,Y,1,,
9/23/2022,LATE,S,29,C,CYR,MELANOPLUS,ROTUNDIPENNIS,U,N,Y,4,,
9/23/2022,LATE,S,29,C,TET,ODONTOXIPHIDIUM,APTERUM,M,A,Y,2,,
9/23/2022,LATE,S,29,C,TET,ODONTOXIPHIDIUM,APTERUM,F,A,Y,1,,
9/23/2022,LATE,S,29,C,TET,ODONTOXIPHIDIUM,APTERUM,U,N,Y,2,,
9/23/2022,LATE,S,30,B,CYR,APTENOPEDES,APTERA,F,A,Y,1,,
9/23/2022,LATE,S,30,B,CYR,APTENOPEDES,APTERA,M,A,Y,1,,
9/23/2022,LATE,S,30,B,CYR,SCHISTOCERCA,AMERICANA,U,N,Y,1,,
9/23/2022,LATE,S,30,B,GOM,ACHURUM,CARINATUM,U,N,Y,2,,
9/23/2022,LATE,S,30,B,GOM,ERITETTIX,OBSCURUS,U,N,Y,2,,
9/23/2022,LATE,S,30,B,GRY,NA,NA,U,U,N,1,,
9/23/2022,LATE,S,30,A,CYR,MELANOPLUS,KEELERI,M,A,Y,1,,
9/23/2022,LATE,S,30,A,CYR,MELANOPLUS,ROTUNDIPENNIS,M,A,Y,1,,
9/23/2022,LATE,S,30,A,CYR,MELANOPLUS,ROTUNDIPENNIS,U,N,Y,2,,
9/23/2022,LATE,S,30,A,GOM,ACHURUM,CARINATUM,U,N,Y,2,,
9/23/2022,LATE,S,30,A,GOM,NA,NA,U,N,N,2,DBTDSN,
9/23/2022,LATE,S,30,A,TET,ODONTOXIPHIDIUM,APTERUM,M,A,Y,2,,
9/23/2022,LATE,S,30,A,TET,ODONTOXIPHIDIUM,APTERUM,U,N,Y,1,,
9/23/2022,LATE,S,30,D,CYR,MELANOPLUS,ROTUNDIPENNIS,U,N,Y,1,,
9/23/2022,LATE,S,30,D,GOM,ERITETTIX,OBSCURUS,U,N,Y,2,,
9/23/2022,LATE,S,30,D,GOM,ACHURUM,CARINATUM,U,N,Y,1,,
9/23/2022,LATE,S,30,D,TET,ODONTOXIPHIDIUM,APTERUM,U,N,Y,1,,
9/23/2022,LATE,S,30,D,GRY,NA,NA,U,U,N,1,,
9/23/2022,LATE,S,20,B,CYR,SCHISTOCERCA,DAMNIFICA,U,N,Y,1,,
9/23/2022,LATE,S,20,B,GOM,DICHROMORPHA,VIRIDIS,U,N,Y,1,,
9/23/2022,LATE,S,20,B,GOM,ERITETTIX,OBSCURUS,U,N,Y,2,,
9/23/2022,LATE,S,20,B,GOM,ACHURUM,CARINATUM,U,N,Y,1,,
9/23/2022,LATE,S,20,B,TET,NA,NA,U,U,N,2,UNKNOWN TET,
9/23/2022,LATE,S,20,B,GRY,NA,NA,U,U,N,1,,
9/23/2022,LATE,S,26,C,TET,ODONTOXIPHIDIUM,APTERUM,U,N,Y,2,,
9/23/2022,LATE,S,26,C,GRY,NA,NA,U,U,N,2,,
9/23/2022,LATE,S,20,A,GOM,ERITETTIX,OBSCURUS,U,N,Y,1,,
9/23/2022,LATE,S,20,A,TET,ODONTOXIPHIDIUM,APTERUM,F,N,Y,1,,
9/23/2022,LATE,S,26,B,GOM,ORPHULELLA,PELIDNA,M,A,Y,1,,
9/23/2022,LATE,S,26,B,GOM,DICHROMORPHA,VIRIDIS,U,N,Y,1,,
9/23/2022,LATE,S,25,B,CYR,MELANOPLUS,KEELERI,M,A,Y,2,,
9/23/2022,LATE,S,25,B,CYR,MELANOPLUS,ROTUNDIPENNIS,M,A,Y,1,,
9/23/2022,LATE,S,25,B,CYR,MELANOPLUS,ROTUNDIPENNIS,U,N,Y,1,,
9/23/2022,LATE,S,25,B,CYR,APTENOPEDES,APTERA,M,A,Y,1,,
9/23/2022,LATE,S,25,B,GRY,NA,NA,U,U,N,2,,
9/23/2022,LATE,S,25,B,TET,BELOCEPHALUS,SUBAPTERUS,U,N,Y,1,,
9/23/2022,LATE,S,25,B,GOM,ERITETTIX,OBSCURUS,U,N,Y,2,,
9/23/2022,LATE,S,25,B,GOM,NA,NA,U,N,N,1,DBTDSN,
9/23/2022,LATE,S,25,B,GOM,ACHURUM,CARINATUM,M,A,Y,1,,
9/23/2022,LATE,S,25,B,GOM,ACHURUM,CARINATUM,U,N,Y,1,,
9/23/2022,LATE,S,25,B,TET,ODONTOXIPHIDIUM,APTERUM,F,A,Y,1,,
9/23/2022,LATE,S,25,B,TET,ODONTOXIPHIDIUM,APTERUM,M,A,Y,3,,
9/23/2022,LATE,S,25,B,TET,ODONTOXIPHIDIUM,APTERUM,F,N,Y,2,,
9/23/2022,LATE,S,25,B,TET,ODONTOXIPHIDIUM,APTERUM,M,N,Y,3,,
9/23/2022,LATE,S,25,B,TET,ODONTOXIPHIDIUM,APTERUM,U,N,Y,3,,
9/23/2022,LATE,S,30,C,CYR,MELANOPLUS,KEELERI,U,A,Y,1,,1 MEKE
9/23/2022,LATE,S,30,C,CYR,MELANOPLUS,ROTUNDIPENNIS,U,N,Y,2,,
9/23/2022,LATE,S,30,C,GOM,ERITETTIX,OBSCURUS,U,N,Y,2,,
9/23/2022,LATE,S,30,C,TET,BELOCEPHALUS,SUBAPTERUS,U,N,Y,1,,
9/23/2022,LATE,S,30,C,TET,ODONTOXIPHIDIUM,APTERUM,F,A,Y,2,,
9/23/2022,LATE,S,30,C,TET,ODONTOXIPHIDIUM,APTERUM,M,A,Y,2,,
9/23/2022,LATE,S,30,C,TET,ODONTOXIPHIDIUM,APTERUM,F,N,Y,1,,
9/23/2022,LATE,S,30,C,GRY,NA,NA,U,U,N,3,,
9/23/2022,LATE,S,25,C,GOM,ORPHULELLA,PELIDNA,U,A,Y,1,,1 ORPE
9/23/2022,LATE,S,25,C,CYR,MELANOPLUS,KEELERI,M,A,Y,2,,
9/23/2022,LATE,S,25,C,TET,ODONTOXIPHIDIUM,APTERUM,M,A,Y,3,,
9/23/2022,LATE,S,25,C,TET,ODONTOXIPHIDIUM,APTERUM,F,A,Y,5,,
9/23/2022,LATE,S,25,C,TET,ODONTOXIPHIDIUM,APTERUM,M,N,Y,5,,
9/23/2022,LATE,S,25,C,TET,ODONTOXIPHIDIUM,APTERUM,F,N,Y,5,,
9/23/2022,LATE,S,25,C,GOM,ERITETTIX,OBSCURUS,U,N,Y,5,,
9/23/2022,LATE,S,25,C,GOM,DICHROMORPHA,VIRIDIS,U,N,Y,1,,
9/23/2022,LATE,S,25,C,GOM,NA,NA,U,N,N,1,DBTDSN,
9/23/2022,LATE,S,25,C,GRY,NA,NA,U,U,N,1,,
9/23/2022,LATE,S,20,D,GOM,ERITETTIX,OBSCURUS,U,N,Y,1,,
9/23/2022,LATE,S,20,D,GRY,NA,NA,U,U,N,1,,
9/23/2022,LATE,S,27,B,GOM,ERITETTIX,OBSCURUS,U,N,Y,2,,
9/23/2022,LATE,S,27,B,GOM,NA,NA,U,N,N,1,,
9/23/2022,LATE,S,27,B,TET,ODONTOXIPHIDIUM,APTERUM,F,N,Y,1,,
9/23/2022,LATE,S,27,A,GOM,ACHURUM,CARINATUM,U,N,Y,4,,
9/23/2022,LATE,S,27,A,TET,ODONTOXIPHIDIUM,APTERUM,F,N,Y,1,,
9/23/2022,LATE,S,27,A,TET,ODONTOXIPHIDIUM,APTERUM,U,N,Y,1,,
9/23/2022,LATE,S,27,A,GRY,NA,NA,U,U,N,1,,
9/23/2022,LATE,S,29,A,CYR,APTENOPEDES,APTERA,F,A,Y,2,,
9/23/2022,LATE,S,29,A,CYR,APTENOPEDES,APTERA,M,A,Y,1,,
9/23/2022,LATE,S,29,A,CYR,MELANOPLUS,ROTUNDIPENNIS,M,A,Y,1,,
9/23/2022,LATE,S,29,A,TET,ODONTOXIPHIDIUM,APTERUM,F,N,Y,1,,
9/23/2022,LATE,S,29,A,TET,ODONTOXIPHIDIUM,APTERUM,U,N,Y,2,,
9/23/2022,LATE,S,29,A,GRY,NA,NA,U,U,N,1,,
9/23/2022,LATE,S,20,C,GOM,ERITETTIX,OBSCURUS,U,N,Y,2,,
9/23/2022,LATE,S,20,C,TET,ODONTOXIPHIDIUM,APTERUM,F,N,Y,2,,
9/23/2022,LATE,S,20,C,TET,ODONTOXIPHIDIUM,APTERUM,U,N,Y,1,,
9/23/2022,LATE,S,20,C,GRY,NA,NA,U,U,N,1,,
9/23/2022,LATE,S,27,D,CYR,APTENOPEDES,APTERA,M,A,Y,2,,
9/23/2022,LATE,S,27,D,CYR,MELANOPLUS,KEELERI,F,A,Y,1,,
9/23/2022,LATE,S,27,D,CYR,SCHISTOCERCA,DAMNIFICA,M,A,Y,1,,
9/23/2022,LATE,S,27,C,GOM,DICHROMORPHA,VIRIDIS,M,A,Y,1,,
9/23/2022,LATE,S,27,C,GOM,ERITETTIX,OBSCURUS,U,N,Y,1,,
